Date Time Hour Beginning;Wind;PV;CSP;Other_RE
2022-10-01 00:00:00;1067,673;0;0;37,600999999999999
2022-10-01 01:00:00;946,53599999999994;0;0;38,743000000000002
2022-10-01 02:00:00;728,49900000000002;0;0;38,957999999999998
2022-10-01 03:00:00;656,54100000000005;0;0;38,707999999999998
2022-10-01 04:00:00;605,08399999999995;0;0;38,100999999999999
2022-10-01 05:00:00;561,59000000000003;6,6000000000000003E-2;0;36,939
2022-10-01 06:00:00;513,48000000000002;122,833;0;36,786000000000001
2022-10-01 07:00:00;472,65899999999999;852,63499999999999;27,577000000000002;38,063000000000002
2022-10-01 08:00:00;445,37299999999999;1474,0930000000001;348,697;38,130000000000003
2022-10-01 09:00:00;360,28300000000002;1737,557;497,49099999999999;38,043999999999997
2022-10-01 10:00:00;245,26400000000001;1850,9459999999999;500,55799999999999;37,100999999999999
2022-10-01 11:00:00;173,05199999999999;1893,1010000000001;498,95499999999998;37,786000000000001
2022-10-01 12:00:00;163,15600000000001;1916,722;499,48200000000003;37,753
2022-10-01 13:00:00;232,19800000000001;1854,6579999999999;498,584;37,222000000000001
2022-10-01 14:00:00;317,64800000000002;1741,7270000000001;499,72500000000002;35,213999999999999
2022-10-01 15:00:00;371,47199999999998;1571,8920000000001;480,22500000000002;35,936999999999998
2022-10-01 16:00:00;455,12299999999999;1226,008;482,733;36,683999999999997
2022-10-01 17:00:00;550,62099999999998;524,17499999999995;472,55700000000002;37,905000000000001
2022-10-01 18:00:00;696,76300000000003;33,411999999999999;411,98000000000002;37,533000000000001
2022-10-01 19:00:00;1014,962;0,379;402,80900000000003;36,643000000000001
2022-10-01 20:00:00;934,726;0;394,80200000000002;38,152000000000001
2022-10-01 21:00:00;774,13199999999995;0;380,86700000000002;38,808999999999997
2022-10-01 22:00:00;686,44399999999996;0;101,09399999999999;36,956000000000003
2022-10-01 23:00:00;579,90999999999997;0;50,877000000000002;36,034999999999997
2022-10-02 00:00:00;454,01299999999998;0;42,104999999999997;35,314
2022-10-02 01:00:00;423,34199999999998;0;41,972000000000001;36,055999999999997
2022-10-02 02:00:00;380,40199999999999;0;41,975000000000001;36,82
2022-10-02 03:00:00;349,36000000000001;0;41,957999999999998;36,872
2022-10-02 04:00:00;353,13799999999998;0;34,969999999999999;36,997
2022-10-02 05:00:00;353,55700000000002;9,6000000000000002E-2;0;37,531999999999996
2022-10-02 06:00:00;303,06799999999998;137,995;0,33800000000000002;37,743000000000002
2022-10-02 07:00:00;259,68200000000002;893,10799999999995;91,658000000000001;37,935000000000002
2022-10-02 08:00:00;229,19399999999999;1498,1030000000001;338,053;36,877000000000002
2022-10-02 09:00:00;245,952;1731,856;401,18299999999999;22,530999999999999
2022-10-02 10:00:00;399,03800000000001;1849,5119999999999;401,95499999999998;20,539000000000001
2022-10-02 11:00:00;688,23800000000006;1903,9949999999999;437,64100000000002;33,337000000000003
2022-10-02 12:00:00;857,90800000000002;1917,2619999999999;483,89800000000002;36,887
2022-10-02 13:00:00;1051,3679999999999;1866,8900000000001;482,57600000000002;36,459000000000003
2022-10-02 14:00:00;1170,1800000000001;1805,172;475,12599999999998;35,582999999999998
2022-10-02 15:00:00;1266,0889999999999;1633,902;457,09500000000003;36,246000000000002
2022-10-02 16:00:00;1413,171;1246,4290000000001;475,97000000000003;31,745000000000001
2022-10-02 17:00:00;1496,336;536,76800000000003;464,464;37,869999999999997
2022-10-02 18:00:00;1418,5899999999999;34,192;408,17200000000003;38,317999999999998
2022-10-02 19:00:00;1413,509;0,32800000000000001;403,79599999999999;38,389000000000003
2022-10-02 20:00:00;1319,848;0;403,51600000000002;37,451999999999998
2022-10-02 21:00:00;1375,4870000000001;0;380,18700000000001;36,796999999999997
2022-10-02 22:00:00;1202,4200000000001;0;102,49299999999999;35,225000000000001
2022-10-02 23:00:00;1332,655;0;42,746000000000002;36,155000000000001
2022-10-03 00:00:00;1385,1690000000001;0;42,226999999999997;35,643999999999998
2022-10-03 01:00:00;1413,152;0;42,234000000000002;34,347999999999999
2022-10-03 02:00:00;1396,9259999999999;0;42,279000000000003;34,466000000000001
2022-10-03 03:00:00;1352,2619999999999;0;42,146000000000001;36,677
2022-10-03 04:00:00;1210,7260000000001;0;33,905999999999999;34,207999999999998
2022-10-03 05:00:00;1174,0250000000001;0,127;0;31,234000000000002
2022-10-03 06:00:00;1156,9090000000001;115,569;0;36,076999999999998
2022-10-03 07:00:00;1013,914;731,88800000000003;2,7599999999999998;36,097000000000001
2022-10-03 08:00:00;929,13499999999999;1246,4200000000001;122,783;37,305
2022-10-03 09:00:00;952,25;1496,0029999999999;232,29300000000001;37,402000000000001
2022-10-03 10:00:00;1169,51;1672,45;245,64500000000001;38,201999999999998
2022-10-03 11:00:00;1519,068;1760,2619999999999;242,91499999999999;38,018000000000001
2022-10-03 12:00:00;1789,7560000000001;1742,652;252,62899999999999;36,671999999999997
2022-10-03 13:00:00;2128,4639999999999;1619,53;366,39699999999999;36,700000000000003
2022-10-03 14:00:00;2332,3760000000002;1467,2470000000001;276,51799999999997;36,966999999999999
2022-10-03 15:00:00;2421,317;1209,3800000000001;268,53199999999998;37,320999999999998
2022-10-03 16:00:00;2416,2449999999999;856,92399999999998;298,15100000000001;35,829000000000001
2022-10-03 17:00:00;2384,2370000000001;390,447;362,81400000000002;34,676000000000002
2022-10-03 18:00:00;2163,652;25,809999999999999;367,09800000000001;35,249000000000002
2022-10-03 19:00:00;1862,258;0,55700000000000005;291,387;36,104999999999997
2022-10-03 20:00:00;1807,912;0;214,761;32,345999999999997
2022-10-03 21:00:00;1652,625;0;128,495;33,018999999999998
2022-10-03 22:00:00;1433,788;0;7,6219999999999999;31,381
2022-10-03 23:00:00;1109,683;0;0;31,065000000000001
2022-10-04 00:00:00;932,27200000000005;0;0;31,082000000000001
2022-10-04 01:00:00;870,05799999999999;0;0;30,606999999999999
2022-10-04 02:00:00;780,46799999999996;0;0;30,716000000000001
2022-10-04 03:00:00;707,42600000000004;0;0;31,059000000000001
2022-10-04 04:00:00;700,654;0;0;16,004000000000001
2022-10-04 05:00:00;630,58500000000004;0,11600000000000001;0;10,161
2022-10-04 06:00:00;598,22699999999998;124,904;0;12,984
2022-10-04 07:00:00;572,96900000000005;748,52999999999997;10,311;25,100000000000001
2022-10-04 08:00:00;550,26400000000001;1275,492;184,63300000000001;28,442
2022-10-04 09:00:00;440,64699999999999;1521,374;362,62599999999998;29,059999999999999
2022-10-04 10:00:00;304,49599999999998;1627,9290000000001;387,78699999999998;29,452000000000002
2022-10-04 11:00:00;222,99799999999999;1671,54;426,40199999999999;29,425000000000001
2022-10-04 12:00:00;206,62100000000001;1706,367;449,87299999999999;31,283000000000001
2022-10-04 13:00:00;241,74000000000001;1666,5699999999999;470,64699999999999;30,468
2022-10-04 14:00:00;255,07499999999999;1550,51;476,51100000000002;29,664000000000001
2022-10-04 15:00:00;332,447;1354,952;493,11000000000001;29,587
2022-10-04 16:00:00;532,55700000000002;1090,0509999999999;491,39600000000002;31,847000000000001
2022-10-04 17:00:00;805,37;504,63;466,70499999999998;29,02
2022-10-04 18:00:00;1133,5250000000001;35,683;410,00200000000001;28,138000000000002
2022-10-04 19:00:00;1153,8389999999999;0,34300000000000003;399,82900000000001;24,917000000000002
2022-10-04 20:00:00;976,14800000000002;0;392,90499999999997;29,312000000000001
2022-10-04 21:00:00;676,09500000000003;0;362,25200000000001;29,411000000000001
2022-10-04 22:00:00;536,05100000000004;0;99,003;27,437999999999999
2022-10-04 23:00:00;552,83900000000006;0;52,109999999999999;27,395
2022-10-05 00:00:00;435,67200000000003;0;39,427;26,57
2022-10-05 01:00:00;288,48599999999999;0;39,496000000000002;26,510999999999999
2022-10-05 02:00:00;184,285;0;39,432000000000002;25,922000000000001
2022-10-05 03:00:00;158,126;0;39,406999999999996;25,567
2022-10-05 04:00:00;150,71299999999999;0;39,404000000000003;25,573
2022-10-05 05:00:00;143,614;0,14799999999999999;21,776;25,686
2022-10-05 06:00:00;203,69200000000001;134,947;2,2200000000000002;26,335000000000001
2022-10-05 07:00:00;170,541;716,55499999999995;89,635999999999996;28,111000000000001
2022-10-05 08:00:00;145,78899999999999;1198,922;407,39400000000001;30,111000000000001
2022-10-05 09:00:00;109,907;1452,585;478,00299999999999;32,633000000000003
2022-10-05 10:00:00;143,499;1595,8030000000001;462,16800000000001;37,006999999999998
2022-10-05 11:00:00;257,435;1680,3530000000001;456,99099999999999;37,100000000000001
2022-10-05 12:00:00;431,67000000000002;1688,5029999999999;453,42599999999999;35,497
2022-10-05 13:00:00;684,97000000000003;1632,787;450,38799999999998;35,628999999999998
2022-10-05 14:00:00;800,07799999999997;1521,1800000000001;455,43000000000001;36,606000000000002
2022-10-05 15:00:00;892,51800000000003;1356,954;466,101;37,436
2022-10-05 16:00:00;968,34799999999996;987,83699999999999;480,96499999999997;37,545999999999999
2022-10-05 17:00:00;1062,365;385,65800000000002;458,50200000000001;37,348999999999997
2022-10-05 18:00:00;1105,559;30,541;410,096;36,448
2022-10-05 19:00:00;1159,54;0,76300000000000001;401,16500000000002;36,591999999999999
2022-10-05 20:00:00;1129,395;0;401,66699999999997;34,784999999999997
2022-10-05 21:00:00;997,62199999999996;0;385,262;34,756999999999998
2022-10-05 22:00:00;970,45600000000002;0;83,280000000000001;35,305999999999997
2022-10-05 23:00:00;1025,252;0;39,133000000000003;37,241
2022-10-06 00:00:00;831,36599999999999;0;39,033999999999999;37,378999999999998
2022-10-06 01:00:00;741,923;0;38,999000000000002;37,042000000000002
2022-10-06 02:00:00;719,87900000000002;0;38,968000000000004;35,837000000000003
2022-10-06 03:00:00;684,08500000000004;0;38,795000000000002;34,548000000000002
2022-10-06 04:00:00;600,053;0;38,609000000000002;35,302999999999997
2022-10-06 05:00:00;568,10799999999995;0,30599999999999999;8,9990000000000006;36,491
2022-10-06 06:00:00;531,67200000000003;130,10300000000001;0;37,030000000000001
2022-10-06 07:00:00;517,10199999999998;696,072;61,533000000000001;37,375
2022-10-06 08:00:00;500,30700000000002;1144,2270000000001;365,60199999999998;36,597000000000001
2022-10-06 09:00:00;542,07899999999995;1405,559;443,459;36,781999999999996
2022-10-06 10:00:00;633,26400000000001;1549,7429999999999;440,63999999999999;34,518999999999998
2022-10-06 11:00:00;795,50099999999998;1601,549;436,51900000000001;34,488999999999997
2022-10-06 12:00:00;1037,106;1605,6500000000001;409,60599999999999;35,424999999999997
2022-10-06 13:00:00;1318,7750000000001;1557,5699999999999;402,84300000000002;36,363
2022-10-06 14:00:00;1520,7909999999999;1448,354;400,00799999999998;36,548000000000002
2022-10-06 15:00:00;1590,9000000000001;1204,1500000000001;411,80599999999998;36,853000000000002
2022-10-06 16:00:00;1659,1199999999999;847,31899999999996;450,34100000000001;36,947000000000003
2022-10-06 17:00:00;1671,46;405,92599999999999;452,31200000000001;36,835000000000001
2022-10-06 18:00:00;1616,3710000000001;28,684999999999999;412,78300000000002;36,274000000000001
2022-10-06 19:00:00;1677,3399999999999;0,56499999999999995;401,64499999999998;36,5
2022-10-06 20:00:00;1861,8800000000001;0;398,87299999999999;34,676000000000002
2022-10-06 21:00:00;1746,962;0;320,291;34,997999999999998
2022-10-06 22:00:00;1525,0029999999999;0;88,617000000000004;36,299999999999997
2022-10-06 23:00:00;1236,345;0;38,843000000000004;35,689
2022-10-07 00:00:00;1152,3430000000001;0;38,762;35,234999999999999
2022-10-07 01:00:00;1111,645;0;25,469999999999999;36,560000000000002
2022-10-07 02:00:00;1090,7449999999999;0;0;36,448999999999998
2022-10-07 03:00:00;967,62099999999998;0;0;36,368000000000002
2022-10-07 04:00:00;938,59199999999998;0;0;35,804000000000002
2022-10-07 05:00:00;923,89300000000003;0,19600000000000001;0;35,789000000000001
2022-10-07 06:00:00;858,61500000000001;91,988;6,984;36,091000000000001
2022-10-07 07:00:00;845,43200000000002;756,36000000000001;90,198999999999998;37,121000000000002
2022-10-07 08:00:00;921,53099999999995;1365,127;333,10300000000001;37,131999999999998
2022-10-07 09:00:00;893,83799999999997;1696,404;471,06099999999998;36,863999999999997
2022-10-07 10:00:00;636,98400000000004;1790,248;467,32600000000002;35,762999999999998
2022-10-07 11:00:00;543,21500000000003;1898,2190000000001;480,21699999999998;34,433999999999997
2022-10-07 12:00:00;520,37400000000002;1938,652;480,11700000000002;36,771999999999998
2022-10-07 13:00:00;491,108;1898,2629999999999;488,48399999999998;37,216000000000001
2022-10-07 14:00:00;493,09399999999999;1790,6600000000001;503,83999999999997;36,597999999999999
2022-10-07 15:00:00;536,41600000000005;1590,645;502,69299999999998;37,271999999999998
2022-10-07 16:00:00;798,66600000000005;1214,3320000000001;501,23599999999999;37,335999999999999
2022-10-07 17:00:00;1128,242;550,43299999999999;477,78199999999998;37,177999999999997
2022-10-07 18:00:00;1263,9860000000001;42,210000000000001;419,53100000000001;36,726999999999997
2022-10-07 19:00:00;1439,6030000000001;0,505;408,46199999999999;36,603999999999999
2022-10-07 20:00:00;1536,3579999999999;0;408,25299999999999;35,290999999999997
2022-10-07 21:00:00;1458,8030000000001;0;398,49700000000001;35,875999999999998
2022-10-07 22:00:00;1455,5509999999999;0;95,403000000000006;36,548999999999999
2022-10-07 23:00:00;1385,867;0;38,651000000000003;37,570999999999998
2022-10-08 00:00:00;1165,979;0;37,490000000000002;36,960000000000001
2022-10-08 01:00:00;955,649;0;37,488;36,905000000000001
2022-10-08 02:00:00;891,33199999999999;0;37,533999999999999;36,030000000000001
2022-10-08 03:00:00;949,77200000000005;0;35,753999999999998;35,707999999999998
2022-10-08 04:00:00;1151,03;0;34,636000000000003;34,203000000000003
2022-10-08 05:00:00;1356,2429999999999;0,23300000000000001;33,283999999999999;34,622
2022-10-08 06:00:00;1420,826;129,988;26,879000000000001;37,502000000000002
2022-10-08 07:00:00;1391,5509999999999;730,48099999999999;126,081;37,481000000000002
2022-10-08 08:00:00;1042,5039999999999;1291,1880000000001;285,92099999999999;37,555999999999997
2022-10-08 09:00:00;842,00300000000004;1572,9580000000001;417,25299999999999;37,271999999999998
2022-10-08 10:00:00;677,27200000000005;1749,0930000000001;386,31099999999998;36,841000000000001
2022-10-08 11:00:00;759,46699999999998;1808,7860000000001;370,62099999999998;36,924999999999997
2022-10-08 12:00:00;798,91499999999996;1817,5440000000001;336,35000000000002;37,061999999999998
2022-10-08 13:00:00;968,08199999999999;1712,7840000000001;287,24400000000003;36,965000000000003
2022-10-08 14:00:00;1106,4100000000001;1549,71;252,59;36,923999999999999
2022-10-08 15:00:00;1181,8199999999999;1310,8510000000001;209,501;37,537999999999997
2022-10-08 16:00:00;1243,4159999999999;868,923;289,67700000000002;37,664999999999999
2022-10-08 17:00:00;1186,566;331,59800000000001;363,495;37,387999999999998
2022-10-08 18:00:00;1260,2629999999999;26,611999999999998;380,83499999999998;37,670000000000002
2022-10-08 19:00:00;1462,192;0,71099999999999997;374,58699999999999;37,634
2022-10-08 20:00:00;1261,451;0;358,07499999999999;37,715000000000003
2022-10-08 21:00:00;1035,3489999999999;0;242,83699999999999;37,609999999999999
2022-10-08 22:00:00;945,82100000000003;0;38,072000000000003;37,279000000000003
2022-10-08 23:00:00;775,46500000000003;0;5,1959999999999997;33,740000000000002
2022-10-09 00:00:00;585,69899999999996;0;0;33,578000000000003
2022-10-09 01:00:00;502,51400000000001;0;0;33,646000000000001
2022-10-09 02:00:00;528,59900000000005;0;0;34,832999999999998
2022-10-09 03:00:00;556,29499999999996;0;0;34,972000000000001
2022-10-09 04:00:00;649,16099999999994;0;0;36,420000000000002
2022-10-09 05:00:00;704,29899999999998;0,29099999999999998;0;37,322000000000003
2022-10-09 06:00:00;942,57299999999998;86,534999999999997;0;37,511000000000003
2022-10-09 07:00:00;918,71299999999997;413,39999999999998;0;37,475999999999999
2022-10-09 08:00:00;721,09500000000003;792,39999999999998;0;36,787999999999997
2022-10-09 09:00:00;715,89099999999996;1075,896;0;36,502000000000002
2022-10-09 10:00:00;803,34799999999996;1172,74;5,7240000000000002;36,323999999999998
2022-10-09 11:00:00;910,79700000000003;1266,1859999999999;43,259;36,149000000000001
2022-10-09 12:00:00;1025,9580000000001;1273,8489999999999;66,864999999999995;37,505000000000003
2022-10-09 13:00:00;1151,03;1164,8610000000001;83,655000000000001;37,231999999999999
2022-10-09 14:00:00;1430,356;1073,374;109,246;37,490000000000002
2022-10-09 15:00:00;1421,6389999999999;797,35799999999995;153,375;37,372
2022-10-09 16:00:00;1303,4780000000001;423,75999999999999;139,63999999999999;37,557000000000002
2022-10-09 17:00:00;1470,434;130,624;76,150999999999996;36,723999999999997
2022-10-09 18:00:00;1495,953;12,59;4,5540000000000003;37,369999999999997
2022-10-09 19:00:00;1516,921;0,19600000000000001;0;37,533000000000001
2022-10-09 20:00:00;1422,6500000000001;0;0;37,304000000000002
2022-10-09 21:00:00;1550,4649999999999;0;0;36,893000000000001
2022-10-09 22:00:00;1608,1500000000001;0;0;37,130000000000003
2022-10-09 23:00:00;1647,1949999999999;0;0;37,170000000000002
2022-10-10 00:00:00;1511,8430000000001;0;0;36,875999999999998
2022-10-10 01:00:00;1299,973;0;0;36,715000000000003
2022-10-10 02:00:00;1249,704;0;0;36,093000000000004
2022-10-10 03:00:00;1231,049;0;0;35,405999999999999
2022-10-10 04:00:00;1192,0429999999999;0;0;35,091999999999999
2022-10-10 05:00:00;1262,597;1,0249999999999999;0;32,368000000000002
2022-10-10 06:00:00;1302,8499999999999;93,040000000000006;0;35,710000000000001
2022-10-10 07:00:00;1180,877;513,43700000000001;0;36,484999999999999
2022-10-10 08:00:00;1013,569;943,33699999999999;5,9870000000000001;36,694000000000003
2022-10-10 09:00:00;1096,105;1266,8230000000001;22,443000000000001;36,591000000000001
2022-10-10 10:00:00;1253,645;1454,9010000000001;72,831999999999994;36,716000000000001
2022-10-10 11:00:00;1310,7360000000001;1564,365;86,674999999999997;36,75
2022-10-10 12:00:00;1590,8440000000001;1596,2660000000001;109,88500000000001;36,973999999999997
2022-10-10 13:00:00;1758,75;1464,0809999999999;104,539;37,621000000000002
2022-10-10 14:00:00;1752,491;1290,5250000000001;78,555000000000007;37,649999999999999
2022-10-10 15:00:00;1636,2809999999999;956,07000000000005;66,616;36,374000000000002
2022-10-10 16:00:00;1621,423;592,61500000000001;182,03999999999999;33,024000000000001
2022-10-10 17:00:00;1495,6659999999999;206,673;229,16800000000001;34,969999999999999
2022-10-10 18:00:00;1561,1020000000001;14,351000000000001;226,416;34,329000000000001
2022-10-10 19:00:00;1599,1559999999999;0,66800000000000004;188,84899999999999;35,441000000000003
2022-10-10 20:00:00;1390,931;0;86,956999999999994;35,652000000000001
2022-10-10 21:00:00;1395,713;0;1,0840000000000001;36,182000000000002
2022-10-10 22:00:00;1103,1669999999999;0;0;35,929000000000002
2022-10-10 23:00:00;607,27700000000004;0;0;35,704999999999998
2022-10-11 00:00:00;351,44499999999999;0;0;35,073999999999998
2022-10-11 01:00:00;655,077;0;0;34,972000000000001
2022-10-11 02:00:00;796,68799999999999;0;0;35,332999999999998
2022-10-11 03:00:00;1093,6980000000001;0;0;35,484999999999999
2022-10-11 04:00:00;1358,028;0;0;34,820999999999998
2022-10-11 05:00:00;1554,9079999999999;0,95199999999999996;0;35,122999999999998
2022-10-11 06:00:00;1765,596;113,651;0;35,710999999999999
2022-10-11 07:00:00;1958,0150000000001;627,39499999999998;0,28000000000000003;35,799999999999997
2022-10-11 08:00:00;2048,0970000000002;1189,8420000000001;69,989000000000004;35,295999999999999
2022-10-11 09:00:00;1891,819;1517,039;178,286;35,720999999999997
2022-10-11 10:00:00;1937,0699999999999;1724,376;221,43000000000001;36,122999999999998
2022-10-11 11:00:00;2074,1559999999999;1799,2829999999999;211,506;36,173999999999999
2022-10-11 12:00:00;2180,1149999999998;1792,662;227,25800000000001;37,365000000000002
2022-10-11 13:00:00;2111,0239999999999;1726,194;229,535;37,567
2022-10-11 14:00:00;2173,7719999999999;1526,9590000000001;223,61099999999999;37,540999999999997
2022-10-11 15:00:00;1981,3699999999999;1220,549;217,08099999999999;37,277000000000001
2022-10-11 16:00:00;1888,0820000000001;799,18100000000004;261,13200000000001;36,521000000000001
2022-10-11 17:00:00;1847,8710000000001;278,93700000000001;294,58499999999998;35,317999999999998
2022-10-11 18:00:00;1732,7739999999999;20,722999999999999;294,08600000000001;36,524000000000001
2022-10-11 19:00:00;1403,421;0,57299999999999995;296,15199999999999;36,924999999999997
2022-10-11 20:00:00;1200,807;0;249,19800000000001;36,671999999999997
2022-10-11 21:00:00;958,94200000000001;0;164,107;37,334000000000003
2022-10-11 22:00:00;903,12199999999996;0;37,957999999999998;37,390999999999998
2022-10-11 23:00:00;692,17600000000004;0;37,881;37,192
2022-10-12 00:00:00;552,22400000000005;0;9,7870000000000008;36,215000000000003
2022-10-12 01:00:00;531,52700000000004;0;0;36,207000000000001
2022-10-12 02:00:00;465,82999999999998;0;0;36,325000000000003
2022-10-12 03:00:00;399,05200000000002;0;0;36,421999999999997
2022-10-12 04:00:00;279,42099999999999;0;0;36,353000000000002
2022-10-12 05:00:00;352,25200000000001;1,4039999999999999;0;36,439999999999998
2022-10-12 06:00:00;357,78300000000002;137,25999999999999;0;37,399999999999999
2022-10-12 07:00:00;468,66699999999997;701,62400000000002;9,9299999999999997;37,991999999999997
2022-10-12 08:00:00;471,565;1160,288;80,775999999999996;37,686
2022-10-12 09:00:00;621,14800000000002;1442,086;154,45599999999999;37,125
2022-10-12 10:00:00;757,41899999999998;1670,2570000000001;195,66200000000001;37,796999999999997
2022-10-12 11:00:00;894,26099999999997;1737,48;187,20099999999999;37,710000000000001
2022-10-12 12:00:00;1107,518;1771,0619999999999;200,82599999999999;37,523000000000003
2022-10-12 13:00:00;1038,547;1656,6110000000001;196,54300000000001;36,402999999999999
2022-10-12 14:00:00;1173,424;1408,2639999999999;249,66300000000001;36,923000000000002
2022-10-12 15:00:00;1365,597;1183,4829999999999;258,03500000000003;37,847999999999999
2022-10-12 16:00:00;1476,95;867,31500000000005;288,93200000000002;37,401000000000003
2022-10-12 17:00:00;1417,2660000000001;329,839;280,99099999999999;37,323999999999998
2022-10-12 18:00:00;1108,248;23,529;231,874;37,145000000000003
2022-10-12 19:00:00;931,07799999999997;0,64100000000000001;224,96000000000001;36,936999999999998
2022-10-12 20:00:00;1149,4079999999999;0;225,584;37,497
2022-10-12 21:00:00;1064,7750000000001;0;200,001;37,546999999999997
2022-10-12 22:00:00;1056,548;0;36,889000000000003;36,716000000000001
2022-10-12 23:00:00;716,19799999999998;0;0,38300000000000001;37,128
2022-10-13 00:00:00;549,97799999999995;0;0;36,982999999999997
2022-10-13 01:00:00;599,20600000000002;0;0;36,814
2022-10-13 02:00:00;733,88199999999995;0;0;37,021000000000001
2022-10-13 03:00:00;748,899;0;0;37,18
2022-10-13 04:00:00;849,15300000000002;0;0;37,097000000000001
2022-10-13 05:00:00;974,79300000000001;1,5880000000000001;0;37,143000000000001
2022-10-13 06:00:00;1187,7829999999999;122,226;0;37,451000000000001
2022-10-13 07:00:00;1256,203;569,29700000000003;0;37,804000000000002
2022-10-13 08:00:00;1388,6890000000001;948,43600000000004;0;37,631999999999998
2022-10-13 09:00:00;1538,069;1217,29;0;36,402000000000001
2022-10-13 10:00:00;1670,4090000000001;1381,5450000000001;42,933;37,072000000000003
2022-10-13 11:00:00;2108,9079999999999;1499,6959999999999;108,806;36,933999999999997
2022-10-13 12:00:00;2378,9229999999998;1451,5940000000001;110,86;36,463999999999999
2022-10-13 13:00:00;2555,77;1468,5060000000001;158,84200000000001;29,576000000000001
2022-10-13 14:00:00;2706,819;1469,893;196,785;35,573999999999998
2022-10-13 15:00:00;2784,79;1095,201;195,13999999999999;37,347999999999999
2022-10-13 16:00:00;2617,6799999999998;736,04600000000005;245,48099999999999;35,412999999999997
2022-10-13 17:00:00;2545,817;279,61099999999999;316,34699999999998;34,027000000000001
2022-10-13 18:00:00;2388,5810000000001;22,116;232,17699999999999;33,658999999999999
2022-10-13 19:00:00;2227,8319999999999;0,317;100,15600000000001;36,872999999999998
2022-10-13 20:00:00;1728,6959999999999;0;85,269000000000005;37,831000000000003
2022-10-13 21:00:00;1294,5699999999999;0;74,158000000000001;37,819000000000003
2022-10-13 22:00:00;1295,1420000000001;0;0;36,591999999999999
2022-10-13 23:00:00;1340,7819999999999;0;0;36,613999999999997
2022-10-14 00:00:00;1334,5640000000001;0;0;36,384999999999998
2022-10-14 01:00:00;1114,2139999999999;0;0;36,332000000000001
2022-10-14 02:00:00;904,39200000000005;0;0;36,881999999999998
2022-10-14 03:00:00;896,82799999999997;0;0;36,232999999999997
2022-10-14 04:00:00;946,53200000000004;0;0;36,530000000000001
2022-10-14 05:00:00;881,90200000000004;1,742;0;36,780000000000001
2022-10-14 06:00:00;746,87;122,059;0;37,164000000000001
2022-10-14 07:00:00;661,54100000000005;563,08900000000006;0;37,280999999999999
2022-10-14 08:00:00;622,51999999999998;1011,958;3,6269999999999998;37,744999999999997
2022-10-14 09:00:00;519,13099999999997;1391,5170000000001;102,276;37,070999999999998
2022-10-14 10:00:00;485,86799999999999;1638,2239999999999;204,268;37,177999999999997
2022-10-14 11:00:00;599,76800000000003;1680,72;239,87100000000001;36,883000000000003
2022-10-14 12:00:00;701,48699999999997;1729,2280000000001;235,292;37,448999999999998
2022-10-14 13:00:00;915,13099999999997;1609,4749999999999;210,61000000000001;36,935000000000002
2022-10-14 14:00:00;983,98099999999999;1424,6489999999999;197,196;36,948999999999998
2022-10-14 15:00:00;912,96199999999999;1136,193;145,00299999999999;37,43
2022-10-14 16:00:00;895,68600000000004;688,53599999999994;165,08500000000001;36,921999999999997
2022-10-14 17:00:00;1076,3299999999999;292,10599999999999;222,024;37,058999999999997
2022-10-14 18:00:00;1299,588;25,181000000000001;218,63900000000001;36,762
2022-10-14 19:00:00;1385,098;0,52000000000000002;219,93199999999999;36,723999999999997
2022-10-14 20:00:00;1354,171;0;183,78800000000001;36,232999999999997
2022-10-14 21:00:00;1242,749;0;65,417000000000002;37,101999999999997
2022-10-14 22:00:00;1204,883;0;0;37,161000000000001
2022-10-14 23:00:00;1236,933;0;0;35,313000000000002
2022-10-15 00:00:00;1289,722;0;0;35,040999999999997
2022-10-15 01:00:00;1167,336;0;0;34,218000000000004
2022-10-15 02:00:00;1007,391;0;0;33,956000000000003
2022-10-15 03:00:00;1030,0360000000001;0;0;34,207999999999998
2022-10-15 04:00:00;1026,902;0;0;34,454000000000001
2022-10-15 05:00:00;1103,7750000000001;1,506;0;35,061
2022-10-15 06:00:00;1274,011;82,466999999999999;0;35,871000000000002
2022-10-15 07:00:00;1367,828;362,50099999999998;0;36,588000000000001
2022-10-15 08:00:00;1272,4829999999999;677,22299999999996;0;35,844000000000001
2022-10-15 09:00:00;1316,7470000000001;935,39400000000001;2,9000000000000001E-2;36,979999999999997
2022-10-15 10:00:00;1235,8420000000001;926,30399999999997;3,6999999999999998E-2;36,750999999999998
2022-10-15 11:00:00;1285,9580000000001;1089,8440000000001;0;37,085999999999999
2022-10-15 12:00:00;1523,8599999999999;981,14099999999996;0;37,137
2022-10-15 13:00:00;1716,222;893,78800000000001;1,5389999999999999;37,212000000000003
2022-10-15 14:00:00;1652,1199999999999;694,678;23,411999999999999;35,872999999999998
2022-10-15 15:00:00;1789,742;573,28700000000003;24,728999999999999;36,534999999999997
2022-10-15 16:00:00;2244,6280000000002;343,14800000000002;0;37,088000000000001
2022-10-15 17:00:00;2436,6179999999999;104,967;0;36,329999999999998
2022-10-15 18:00:00;2391,4009999999998;6,367;0;33,356000000000002
2022-10-15 19:00:00;2316,4499999999998;0,44600000000000001;0;28,527999999999999
2022-10-15 20:00:00;2223,7069999999999;0;0;33,594000000000001
2022-10-15 21:00:00;1958,433;0;0;35,112000000000002
2022-10-15 22:00:00;1962,904;0;0;34,466000000000001
2022-10-15 23:00:00;1800,4459999999999;0;0;34,451000000000001
2022-10-16 00:00:00;1702,499;0;0;34,118000000000002
2022-10-16 01:00:00;1578,5999999999999;0;0;33,579000000000001
2022-10-16 02:00:00;1603,9880000000001;0;0;33,286000000000001
2022-10-16 03:00:00;1537,597;0;0;33,159999999999997
2022-10-16 04:00:00;1434,798;0;0;33,094999999999999
2022-10-16 05:00:00;1289,3299999999999;1,089;0;33,511000000000003
2022-10-16 06:00:00;1278,2760000000001;47,933;0;35,045000000000002
2022-10-16 07:00:00;1086,3240000000001;203,774;0;36,433999999999997
2022-10-16 08:00:00;999,33799999999997;413,19499999999999;0;37,305
2022-10-16 09:00:00;814,71100000000001;619,63999999999999;0;36,506
2022-10-16 10:00:00;790,779;818,78800000000001;0;36,637
2022-10-16 11:00:00;758,64099999999996;956,28099999999995;0;36,905999999999999
2022-10-16 12:00:00;921,54999999999995;1064,76;9,3160000000000007;37,173999999999999
2022-10-16 13:00:00;752,37;931,44799999999998;70,960999999999999;37,302
2022-10-16 14:00:00;715,827;744,03700000000003;53,149999999999999;37,109999999999999
2022-10-16 15:00:00;670,22000000000003;677,37699999999995;16,151;37,183
2022-10-16 16:00:00;670,53399999999999;482,24400000000003;12,257;36,686999999999998
2022-10-16 17:00:00;799,51999999999998;184,05099999999999;0;36,402000000000001
2022-10-16 18:00:00;914,65999999999997;21,16;0;33,935000000000002
2022-10-16 19:00:00;905,09000000000003;0,40999999999999998;0;33,526000000000003
2022-10-16 20:00:00;910,99300000000005;0;0;36,155999999999999
2022-10-16 21:00:00;974,39499999999998;0;0;36,920000000000002
2022-10-16 22:00:00;807,14400000000001;0;0;35,868000000000002
2022-10-16 23:00:00;710,74699999999996;0;0;35,810000000000002
2022-10-17 00:00:00;1053,271;0;0;34,051000000000002
2022-10-17 01:00:00;702,24099999999999;0;0;35,027999999999999
2022-10-17 02:00:00;498,89299999999997;0;0;34,978000000000002
2022-10-17 03:00:00;544,34199999999998;0;0;34,366
2022-10-17 04:00:00;547,07799999999997;0;0;33,402000000000001
2022-10-17 05:00:00;544,346;2,1190000000000002;0;34,741
2022-10-17 06:00:00;605,30499999999995;131,87899999999999;0;34,518999999999998
2022-10-17 07:00:00;448,38900000000001;599,04600000000005;0;34,969000000000001
2022-10-17 08:00:00;375,61099999999999;1078,154;0,68899999999999995;35,853000000000002
2022-10-17 09:00:00;263,60899999999998;1257,5450000000001;34,966000000000001;33,140000000000001
2022-10-17 10:00:00;429,70999999999998;1385,5250000000001;110,258;34,767000000000003
2022-10-17 11:00:00;581,27200000000005;1362,587;145,833;35,457999999999998
2022-10-17 12:00:00;569,596;1316,6220000000001;199,65299999999999;35,984000000000002
2022-10-17 13:00:00;724,07000000000005;1230,8800000000001;211,108;36,329999999999998
2022-10-17 14:00:00;876,91800000000001;1067,662;171,92699999999999;36,340000000000003
2022-10-17 15:00:00;883,21600000000001;817,92700000000002;131,58699999999999;36,326000000000001
2022-10-17 16:00:00;996,59900000000005;636,93299999999999;214,32400000000001;36,090000000000003
2022-10-17 17:00:00;1182,4649999999999;286,08499999999998;216,30000000000001;36,329999999999998
2022-10-17 18:00:00;1262,325;39,738;186,935;36,372
2022-10-17 19:00:00;1270,7149999999999;2,0950000000000002;172,26499999999999;36,552999999999997
2022-10-17 20:00:00;982,33399999999995;0;99,042000000000002;36,502000000000002
2022-10-17 21:00:00;786,77499999999998;0;70,807000000000002;36,344000000000001
2022-10-17 22:00:00;663,69399999999996;0;0;36,424999999999997
2022-10-17 23:00:00;541,09000000000003;0;0;36,030999999999999
2022-10-18 00:00:00;491,39999999999998;0;6,0999999999999999E-2;35,747
2022-10-18 01:00:00;459,72699999999998;0;0;34,634999999999998
2022-10-18 02:00:00;483,97500000000002;0;0;35,345999999999997
2022-10-18 03:00:00;552,60900000000004;0;0;34,863
2022-10-18 04:00:00;459,75599999999997;0;0;35,527999999999999
2022-10-18 05:00:00;447,62700000000001;1,258;0;34,792999999999999
2022-10-18 06:00:00;400,04399999999998;80,745999999999995;0;33,914000000000001
2022-10-18 07:00:00;250,04900000000001;306,91000000000003;0;33,149000000000001
2022-10-18 08:00:00;145,142;689,05200000000002;0;34,520000000000003
2022-10-18 09:00:00;107,46599999999999;984,62900000000002;29,321999999999999;37,433999999999997
2022-10-18 10:00:00;146,928;1275,567;161,60599999999999;34,299999999999997
2022-10-18 11:00:00;298,03199999999998;1333,9680000000001;263,00900000000001;33,847999999999999
2022-10-18 12:00:00;486,048;1412,9960000000001;221,30500000000001;34,57
2022-10-18 13:00:00;608,34799999999996;1382,2329999999999;159,96299999999999;33,271999999999998
2022-10-18 14:00:00;750,68499999999995;1240,645;92,007000000000005;36,613
2022-10-18 15:00:00;875,5;1035,6859999999999;151,51900000000001;36,404000000000003
2022-10-18 16:00:00;1012,482;754,93799999999999;227,386;35,530000000000001
2022-10-18 17:00:00;1294,6010000000001;370,16000000000003;293,85199999999998;37,381999999999998
2022-10-18 18:00:00;1323,0129999999999;34,837000000000003;297,97399999999999;36,627000000000002
2022-10-18 19:00:00;1187,9739999999999;0,68799999999999994;195,33600000000001;34,978999999999999
2022-10-18 20:00:00;945,97799999999995;0;92,171000000000006;35,494
2022-10-18 21:00:00;842,995;0;0;35,256999999999998
2022-10-18 22:00:00;714,71000000000004;0;0;34,579000000000001
2022-10-18 23:00:00;561,01900000000001;0;0;33,835000000000001
2022-10-19 00:00:00;617,46900000000005;0;0;34,968000000000004
2022-10-19 01:00:00;559,37699999999995;0;0;34,908999999999999
2022-10-19 02:00:00;424,96699999999998;0;0;34,348999999999997
2022-10-19 03:00:00;405,42599999999999;0;0;33,930999999999997
2022-10-19 04:00:00;534,03200000000004;0;0;34,281999999999996
2022-10-19 05:00:00;688,46600000000001;1,2789999999999999;0;33,713000000000001
2022-10-19 06:00:00;571,77200000000005;119,232;0;34,622999999999998
2022-10-19 07:00:00;484,21699999999998;571,00400000000002;6,7530000000000001;37,173999999999999
2022-10-19 08:00:00;690,70000000000005;1034,095;145,53200000000001;37,341000000000001
2022-10-19 09:00:00;950,77200000000005;1283,066;237,233;35,136000000000003
2022-10-19 10:00:00;1176,115;1443,098;304,113;34,210000000000001
2022-10-19 11:00:00;1310,636;1603,9059999999999;398,04199999999997;36,240000000000002
2022-10-19 12:00:00;1292,5360000000001;1635,5419999999999;395,834;37,213000000000001
2022-10-19 13:00:00;1001,591;1466,2919999999999;368,00299999999999;37,226999999999997
2022-10-19 14:00:00;952,21600000000001;1287,354;309,63999999999999;37,249000000000002
2022-10-19 15:00:00;956,10599999999999;1174,171;314,61000000000001;37,353000000000002
2022-10-19 16:00:00;1137,175;843,50800000000004;229,90600000000001;37,066000000000003
2022-10-19 17:00:00;987,36599999999999;343,84399999999999;366,38400000000001;38,369999999999997
2022-10-19 18:00:00;1027,068;42,151000000000003;342,65699999999998;37,609999999999999
2022-10-19 19:00:00;1126,2819999999999;0,84399999999999997;204,184;36,786999999999999
2022-10-19 20:00:00;1187,7049999999999;0;187,10599999999999;35,712000000000003
2022-10-19 21:00:00;987,79100000000005;0;26,568999999999999;36,198
2022-10-19 22:00:00;1234,731;0;0;35,116999999999997
2022-10-19 23:00:00;1441,681;0;0;31,893000000000001
2022-10-20 00:00:00;1596,5940000000001;0;0;12,43
2022-10-20 01:00:00;1811,2190000000001;0;0;17,469000000000001
2022-10-20 02:00:00;1916,9570000000001;0;0;16,117000000000001
2022-10-20 03:00:00;1945,1980000000001;0;0;32,765999999999998
2022-10-20 04:00:00;1941,6890000000001;0;0;35,015000000000001
2022-10-20 05:00:00;1795,664;2,089;0;35,805
2022-10-20 06:00:00;1535,9090000000001;173,25399999999999;0;34,085000000000001
2022-10-20 07:00:00;1362,1199999999999;797,68700000000001;8,7720000000000002;34,031999999999996
2022-10-20 08:00:00;1159,2329999999999;1218,423;156,95500000000001;37,945999999999998
2022-10-20 09:00:00;1137,9000000000001;1538,856;272,84899999999999;37,212000000000003
2022-10-20 10:00:00;1070,9469999999999;1722,2070000000001;351,803;36,637999999999998
2022-10-20 11:00:00;1178,306;1750,585;355,83800000000002;37,079000000000001
2022-10-20 12:00:00;1368,664;1618,008;307,86700000000002;37,118000000000002
2022-10-20 13:00:00;1489,9480000000001;1341,886;288,19299999999998;36,609999999999999
2022-10-20 14:00:00;1612,3620000000001;1177,087;262,74299999999999;36,518000000000001
2022-10-20 15:00:00;1689,479;938,423;240,23599999999999;22,977
2022-10-20 16:00:00;1580,472;614,28399999999999;209,99000000000001;30,876000000000001
2022-10-20 17:00:00;1484,979;314,476;301,471;37,192999999999998
2022-10-20 18:00:00;1635,9349999999999;42,470999999999997;361,32299999999998;36,795999999999999
2022-10-20 19:00:00;1510,0029999999999;0,76300000000000001;333,471;38,234000000000002
2022-10-20 20:00:00;1383,116;0;250,83600000000001;37,109999999999999
2022-10-20 21:00:00;1156,739;0;167,40899999999999;36,804000000000002
2022-10-20 22:00:00;1092,489;0;9,6210000000000004;35,345999999999997
2022-10-20 23:00:00;1134,5340000000001;0;0;35,223999999999997
2022-10-21 00:00:00;1259,0329999999999;0;0;36,173000000000002
2022-10-21 01:00:00;1291,5699999999999;0;0;37,399000000000001
2022-10-21 02:00:00;1107,508;0;0;36,526000000000003
2022-10-21 03:00:00;1004,119;0;0;36,249000000000002
2022-10-21 04:00:00;1020,0549999999999;0;0;35,716999999999999
2022-10-21 05:00:00;897,99400000000003;1,381;0;35,286000000000001
2022-10-21 06:00:00;983,82000000000005;141,61799999999999;0;36,469999999999999
2022-10-21 07:00:00;869,52499999999998;535,50599999999997;0,38400000000000001;37,287999999999997
2022-10-21 08:00:00;706,15700000000004;897,92399999999998;47,502000000000002;38,295000000000002
2022-10-21 09:00:00;838,41600000000005;1182,3440000000001;99,468000000000004;13,709
2022-10-21 10:00:00;955,98000000000002;1303,5119999999999;89,519000000000005;12,093999999999999
2022-10-21 11:00:00;955,90099999999995;1427,992;87,272999999999996;12,755000000000001
2022-10-21 12:00:00;887,80600000000004;1420,7719999999999;74,099999999999994;12,946999999999999
2022-10-21 13:00:00;878,01499999999999;1332,991;67,525000000000006;12,956
2022-10-21 14:00:00;1055,8630000000001;1028,4010000000001;53,372;13,749000000000001
2022-10-21 15:00:00;1498,0050000000001;589,33299999999997;25,324999999999999;13,647
2022-10-21 16:00:00;1655,9860000000001;393,84399999999999;26,957000000000001;13,076000000000001
2022-10-21 17:00:00;1834,829;215,86600000000001;102,425;12,827
2022-10-21 18:00:00;1530,019;38,192;120,256;12,066000000000001
2022-10-21 19:00:00;1415,5229999999999;0,86799999999999999;4,0149999999999997;9,2710000000000008
2022-10-21 20:00:00;1411,598;0;0;8,6699999999999999
2022-10-21 21:00:00;1327,377;0;0;12,552
2022-10-21 22:00:00;1367,912;0;0;13,167
2022-10-21 23:00:00;1332,0550000000001;0;0;12,467000000000001
2022-10-22 00:00:00;1305,8879999999999;0;0;11,308
2022-10-22 01:00:00;1363,133;0;0;11,380000000000001
2022-10-22 02:00:00;1246,2370000000001;0;0;11,372999999999999
2022-10-22 03:00:00;1102,307;0;0;11,273999999999999
2022-10-22 04:00:00;1020,994;0;0;9,8919999999999995
2022-10-22 05:00:00;1047,528;2,3290000000000002;0;10,358000000000001
2022-10-22 06:00:00;993,57899999999995;193,84299999999999;0;12,300000000000001
2022-10-22 07:00:00;913,50800000000004;679,56200000000001;1,161;13,249000000000001
2022-10-22 08:00:00;835,32500000000005;1239,5119999999999;8,9659999999999993;13,176
2022-10-22 09:00:00;954,971;1625,2619999999999;63,981999999999999;13,262
2022-10-22 10:00:00;1082,664;1777,9300000000001;321,06700000000001;13,215
2022-10-22 11:00:00;1136,3099999999999;1788,8599999999999;401,447;13,214
2022-10-22 12:00:00;1189,9190000000001;1709,7070000000001;409,25900000000001;11,692
2022-10-22 13:00:00;1307,4300000000001;1572,6949999999999;380,36799999999999;11,94
2022-10-22 14:00:00;1241,328;1407,211;310,00799999999998;13,75
2022-10-22 15:00:00;1387,1800000000001;1135,1410000000001;376,45100000000002;15,654
2022-10-22 16:00:00;1526,1020000000001;792,81700000000001;386,00700000000001;15,724
2022-10-22 17:00:00;1963,9010000000001;427,66000000000003;363,57100000000003;14,715
2022-10-22 18:00:00;2207,145;55,856999999999999;199,63900000000001;13,786
2022-10-22 19:00:00;2222,5070000000001;0,83099999999999996;177,613;13,509
2022-10-22 20:00:00;2160,902;0;232,334;13,332000000000001
2022-10-22 21:00:00;1984,3630000000001;0;204,77799999999999;13,319000000000001
2022-10-22 22:00:00;1647,2829999999999;0;82,602999999999994;13,308
2022-10-22 23:00:00;1459,587;0;24,326000000000001;12,696
2022-10-23 00:00:00;1250,731;0;0;12,401999999999999
2022-10-23 01:00:00;1059,9770000000001;0;0;12,976000000000001
2022-10-23 02:00:00;959,23299999999995;0;0;11,919
2022-10-23 03:00:00;1035,0250000000001;0;0;12,057
2022-10-23 04:00:00;1000,8049999999999;0;3,5000000000000003E-2;12,131
2022-10-23 05:00:00;965,947;3,8159999999999998;44,863999999999997;12,071
2022-10-23 06:00:00;929,03200000000004;217,952;80,980000000000004;12,162000000000001
2022-10-23 07:00:00;843,755;720,84500000000003;80,756;12,978999999999999
2022-10-23 08:00:00;757,57000000000005;1049,876;195,685;13,019
2022-10-23 09:00:00;696,24800000000005;1416,5450000000001;276,28199999999998;12,891
2022-10-23 10:00:00;571,52499999999998;1429,5540000000001;304,95699999999999;11,718999999999999
2022-10-23 11:00:00;562,89700000000005;1302,799;283,07299999999998;10,82
2022-10-23 12:00:00;444,935;1191,53;266,166;9,8889999999999993
2022-10-23 13:00:00;567,59500000000003;1074,3420000000001;267,88600000000002;11,907
2022-10-23 14:00:00;769,09299999999996;862,47799999999995;207,28399999999999;12,946999999999999
2022-10-23 15:00:00;939,06399999999996;730,80700000000002;197,45599999999999;12,182
2022-10-23 16:00:00;1282,4359999999999;566,05799999999999;209,24600000000001;11,446999999999999
2022-10-23 17:00:00;1680,3299999999999;237,00999999999999;258,93099999999998;10,343999999999999
2022-10-23 18:00:00;1820,7180000000001;37,914000000000001;262,73099999999999;10,643000000000001
2022-10-23 19:00:00;1578,473;0,001;146,41;10,961
2022-10-23 20:00:00;1524,9400000000001;0;146,45099999999999;10,523
2022-10-23 21:00:00;1368,492;0;144,60400000000001;12,385
2022-10-23 22:00:00;1165,7080000000001;0;57,311999999999998;12,833
2022-10-23 23:00:00;1071,8589999999999;0;6,6340000000000003;12,637
2022-10-24 00:00:00;1024,4290000000001;0;0;11,380000000000001
2022-10-24 01:00:00;967,61699999999996;0;0;16,684000000000001
2022-10-24 02:00:00;927,68399999999997;0;0;31,673999999999999
2022-10-24 03:00:00;909,59900000000005;0;0;35,186999999999998
2022-10-24 04:00:00;860,85199999999998;0;0;34,997
2022-10-24 05:00:00;646,947;3,681;0;35,716000000000001
2022-10-24 06:00:00;454,053;240,244;0;38,262999999999998
2022-10-24 07:00:00;336,48500000000001;966,61199999999997;12,446;39,351999999999997
2022-10-24 08:00:00;261,08300000000003;1433,318;275,47699999999998;39,817999999999998
2022-10-24 09:00:00;229,29900000000001;1690,8789999999999;438,58499999999998;39,082000000000001
2022-10-24 10:00:00;222,541;1796,8589999999999;465,00999999999999;38,642000000000003
2022-10-24 11:00:00;217,83799999999999;1855,47;467,565;37,436
2022-10-24 12:00:00;336,40300000000002;1769,297;465,81;35,933999999999997
2022-10-24 13:00:00;548,23800000000006;1690,029;453,97000000000003;39,968000000000004
2022-10-24 14:00:00;772,5;1492,856;455,17399999999998;40,854999999999997
2022-10-24 15:00:00;1126,163;1275,433;429,33699999999999;40,642000000000003
2022-10-24 16:00:00;1407,6780000000001;1019,7619999999999;442,447;40,713999999999999
2022-10-24 17:00:00;1500,5129999999999;454,60899999999998;396,12;40,353000000000002
2022-10-24 18:00:00;1642,704;53,920000000000002;366,17599999999999;38,823
2022-10-24 19:00:00;1554,6300000000001;0,98799999999999999;355,327;38,582999999999998
2022-10-24 20:00:00;1148,9449999999999;0;352,85199999999998;38,536000000000001
2022-10-24 21:00:00;856,22400000000005;0;316,82900000000001;38,457999999999998
2022-10-24 22:00:00;850,97199999999998;0;1,9610000000000001;39,874000000000002
2022-10-24 23:00:00;987,43600000000004;0;0;40,662999999999997
2022-10-25 00:00:00;995,46199999999999;0;0;39,573
2022-10-25 01:00:00;896,35199999999998;0;0;39,152999999999999
2022-10-25 02:00:00;829,18399999999997;0;0;35,933
2022-10-25 03:00:00;738,702;0;0;36,718000000000004
2022-10-25 04:00:00;938,60699999999997;0;0;37,286999999999999
2022-10-25 05:00:00;820,87599999999998;5,4690000000000003;0;38,183999999999997
2022-10-25 06:00:00;829,97699999999998;310,87099999999998;0;39,468000000000004
2022-10-25 07:00:00;757,23099999999999;1058,375;99,742999999999995;41,265000000000001
2022-10-25 08:00:00;875,06799999999998;1523,3320000000001;325,17899999999997;41,491999999999997
2022-10-25 09:00:00;920,39599999999996;1737,7850000000001;355,88900000000001;41,417000000000002
2022-10-25 10:00:00;1075,1279999999999;1840,6389999999999;326,97699999999998;39,840000000000003
2022-10-25 11:00:00;1272,0340000000001;1905,3820000000001;296,52699999999999;39,359999999999999
2022-10-25 12:00:00;1417,509;1924,6179999999999;364,76400000000001;39,658000000000001
2022-10-25 13:00:00;1467,6089999999999;1883,3320000000001;409,13400000000001;40,210000000000001
2022-10-25 14:00:00;1627,0909999999999;1734,6479999999999;435,923;38,466000000000001
2022-10-25 15:00:00;1750,7190000000001;1463,0640000000001;379,45100000000002;37,18
2022-10-25 16:00:00;1880,8420000000001;1121,769;320,16800000000001;36,375999999999998
2022-10-25 17:00:00;1980,8150000000001;467,59399999999999;366,09899999999999;38,472999999999999
2022-10-25 18:00:00;2188,875;53,877000000000002;339,60300000000001;39,389000000000003
2022-10-25 19:00:00;2150,9119999999998;1,2190000000000001;316,38099999999997;40,299999999999997
2022-10-25 20:00:00;1869,3589999999999;0;284,97199999999998;39,399000000000001
2022-10-25 21:00:00;1516,6690000000001;0;201,285;40,493000000000002
2022-10-25 22:00:00;1386,6220000000001;0;1,075;40,037999999999997
2022-10-25 23:00:00;1119,8969999999999;0;0;38,820999999999998
2022-10-26 00:00:00;947,32899999999995;0;0;37,149999999999999
2022-10-26 01:00:00;916,24599999999998;0;0;37,780999999999999
2022-10-26 02:00:00;1039,105;0;0;35,905000000000001
2022-10-26 03:00:00;1075,087;0;0;37,170000000000002
2022-10-26 04:00:00;1092,76;0;0;37,518000000000001
2022-10-26 05:00:00;1082,6679999999999;6,516;0;39,353999999999999
2022-10-26 06:00:00;1078,0540000000001;278,39600000000002;0;38,890999999999998
2022-10-26 07:00:00;925,97500000000002;950,12;16,198;39,387
2022-10-26 08:00:00;833,96500000000003;1407,1410000000001;177,97;38,131
2022-10-26 09:00:00;795,90899999999999;1508,249;198,57499999999999;37,564999999999998
2022-10-26 10:00:00;748,83100000000002;1643,5699999999999;222,69;37,347999999999999
2022-10-26 11:00:00;775,89200000000005;1687,771;279,56700000000001;37,664000000000001
2022-10-26 12:00:00;885,84500000000003;1573,9349999999999;305,32600000000002;37,917000000000002
2022-10-26 13:00:00;1004,991;1428,0139999999999;329,22300000000001;38,5
2022-10-26 14:00:00;1267,5309999999999;1366,3009999999999;350,51299999999998;37,723999999999997
2022-10-26 15:00:00;1432,7380000000001;1148,4839999999999;358,25;38,606999999999999
2022-10-26 16:00:00;1785,376;944,97799999999995;342,87099999999998;37,887999999999998
2022-10-26 17:00:00;1918,1669999999999;502,48700000000002;273,55500000000001;36,768000000000001
2022-10-26 18:00:00;1827,854;67,183999999999997;258,49200000000002;33,951999999999998
2022-10-26 19:00:00;1563,0709999999999;1,0369999999999999;245,041;37,401000000000003
2022-10-26 20:00:00;1309,123;0;256,99000000000001;39,042999999999999
2022-10-26 21:00:00;1080,3099999999999;0;248,78299999999999;39,289000000000001
2022-10-26 22:00:00;943,88099999999997;0;1,278;37,575000000000003
2022-10-26 23:00:00;808,577;0;0;36,067
2022-10-27 00:00:00;734,57000000000005;0;0;37,051000000000002
2022-10-27 01:00:00;675,577;0;0;37,969000000000001
2022-10-27 02:00:00;572,24800000000005;0;0;35,950000000000003
2022-10-27 03:00:00;553,04600000000005;0;0;35,222999999999999
2022-10-27 04:00:00;593,39300000000003;0;0;33,944000000000003
2022-10-27 05:00:00;790,75599999999997;2,0459999999999998;64,739999999999995;35,448
2022-10-27 06:00:00;861,11599999999999;228,114;131,501;33,780000000000001
2022-10-27 07:00:00;989,399;900,06799999999998;175,249;37,311
2022-10-27 08:00:00;1186,271;1400,788;413,714;37,101999999999997
2022-10-27 09:00:00;1239,675;1627,6099999999999;464,56700000000001;37,064999999999998
2022-10-27 10:00:00;917,596;1818,1900000000001;478,11900000000003;34,734000000000002
2022-10-27 11:00:00;1114,4190000000001;1865,8330000000001;480,94999999999999;36,658000000000001
2022-10-27 12:00:00;1432,6579999999999;1817,827;481,37200000000001;30,946999999999999
2022-10-27 13:00:00;1755,047;1719,2650000000001;477,35500000000002;27,850999999999999
2022-10-27 14:00:00;2163,7950000000001;1433,2650000000001;403,13799999999998;28,824999999999999
2022-10-27 15:00:00;2343,1689999999999;1024,165;351,53100000000001;28,379999999999999
2022-10-27 16:00:00;2550,0120000000002;733,78099999999995;354,48700000000002;27,815000000000001
2022-10-27 17:00:00;2731,8090000000002;416,53300000000002;425,11099999999999;28,262
2022-10-27 18:00:00;2531,6089999999999;73,180000000000007;394,19900000000001;33,049999999999997
2022-10-27 19:00:00;2389,558;1,044;380,95699999999999;36,094999999999999
2022-10-27 20:00:00;2511,797;0;360,24599999999998;38,164999999999999
2022-10-27 21:00:00;2353,0010000000002;0;329,767;36,735999999999997
2022-10-27 22:00:00;2289,6060000000002;0;62,732999999999997;36,759
2022-10-27 23:00:00;2260,8130000000001;0;13,356999999999999;38,319000000000003
2022-10-28 00:00:00;2095,4580000000001;0;0;38,353000000000002
2022-10-28 01:00:00;1917,3520000000001;0;0;37,579000000000001
2022-10-28 02:00:00;1730,5419999999999;0;0;24,077999999999999
2022-10-28 03:00:00;1611,788;0;0;27,184000000000001
2022-10-28 04:00:00;1552,259;0;0;36,704000000000001
2022-10-28 05:00:00;1485,258;6,1109999999999998;0;36,645000000000003
2022-10-28 06:00:00;1445,415;315,41000000000003;11,243;38,238
2022-10-28 07:00:00;1374,3800000000001;1079,172;82,566999999999993;40,289999999999999
2022-10-28 08:00:00;1584,375;1557,213;326,34300000000002;41,098999999999997
2022-10-28 09:00:00;1536,1079999999999;1825,701;379,541;39,656999999999996
2022-10-28 10:00:00;1371,655;1904,2819999999999;416,88999999999999;41,484000000000002
2022-10-28 11:00:00;1252,414;1930,127;473,84399999999999;40,439
2022-10-28 12:00:00;1106,4590000000001;1885,6769999999999;427,01100000000002;40,466000000000001
2022-10-28 13:00:00;1222,4280000000001;1739,317;428,55700000000002;39,237000000000002
2022-10-28 14:00:00;1348,067;1684,3989999999999;433,166;40,533999999999999
2022-10-28 15:00:00;1474,287;1469,607;449,23200000000003;40,945999999999998
2022-10-28 16:00:00;1606,2840000000001;1056,8499999999999;411,08199999999999;39,554000000000002
2022-10-28 17:00:00;1741,691;489,69200000000001;441,13499999999999;40,158000000000001
2022-10-28 18:00:00;1817,45;75,165999999999997;406,70800000000003;40,378999999999998
2022-10-28 19:00:00;2012,404;1,024;388;35,712000000000003
2022-10-28 20:00:00;2243,0599999999999;0;386,08199999999999;38,152999999999999
2022-10-28 21:00:00;2237,9609999999998;0;352,56900000000002;41,192
2022-10-28 22:00:00;2157,2190000000001;0;60,247999999999998;39,716999999999999
2022-10-28 23:00:00;1871,6559999999999;0;0;37,57
2022-10-29 00:00:00;1613,116;0;0;36,281999999999996
2022-10-29 01:00:00;1530,2249999999999;0;0;36,344000000000001
2022-10-29 02:00:00;1447,271;0;0;36,591000000000001
2022-10-29 03:00:00;1340,0239999999999;0;0;36,770000000000003
2022-10-29 04:00:00;1273,7260000000001;0;0;36,526000000000003
2022-10-29 05:00:00;1350,701;4,2869999999999999;0;35,151000000000003
2022-10-29 06:00:00;1312,386;263,58600000000001;50,158000000000001;37,970999999999997
2022-10-29 07:00:00;1188,2149999999999;865,11599999999999;210,155;40,697000000000003
2022-10-29 08:00:00;1253,799;1277,066;366,79199999999997;39,735999999999997
2022-10-29 09:00:00;1271,0599999999999;1600,123;464,93799999999999;39,997999999999998
2022-10-29 10:00:00;1289,789;1837,0329999999999;482,44099999999997;39,43
2022-10-29 11:00:00;1389,875;1903,7529999999999;482,54399999999998;39,283999999999999
2022-10-29 12:00:00;1430,5360000000001;1884,461;480,43299999999999;39,106999999999999
2022-10-29 13:00:00;1404,5060000000001;1821,9000000000001;478,24599999999998;40,158000000000001
2022-10-29 14:00:00;1402,883;1685,682;475,38200000000001;38,676000000000002
2022-10-29 15:00:00;1467,703;1499,597;470,57900000000001;38,316000000000003
2022-10-29 16:00:00;1622,4069999999999;1203,95;465,95100000000002;39,383000000000003
2022-10-29 17:00:00;1567,3869999999999;617,46900000000005;450,74099999999999;39,139000000000003
2022-10-29 18:00:00;1696,3520000000001;85,555000000000007;403,70800000000003;38,271999999999998
2022-10-29 19:00:00;1793,9300000000001;1,133;389,59899999999999;37,375
2022-10-29 20:00:00;1892,877;0;391,26499999999999;37,640000000000001
2022-10-29 21:00:00;1982,4549999999999;0;375,94;36,719999999999999
2022-10-29 22:00:00;2085,2570000000001;0;86,356999999999999;38,497999999999998
2022-10-29 23:00:00;1885,3800000000001;0;6,9640000000000004;38,459000000000003
2022-10-30 00:00:00;1624,9580000000001;0;0;38,110999999999997
2022-10-30 01:00:00;999,81399999999996;0;0;38,042999999999999
2022-10-30 02:00:00;964,70100000000002;0;0;37,622
2022-10-30 03:00:00;938,13199999999995;0;0;38,332000000000001
2022-10-30 04:00:00;958,56899999999996;0;0;37,859999999999999
2022-10-30 05:00:00;878,43799999999999;7,1669999999999998;3,8740000000000001;36,652000000000001
2022-10-30 06:00:00;801,46400000000006;297,82400000000001;119,892;36,917000000000002
2022-10-30 07:00:00;828,38599999999997;931,59100000000001;190,50800000000001;37,726999999999997
2022-10-30 08:00:00;1040,0940000000001;1356,848;342,06900000000002;36,536000000000001
2022-10-30 09:00:00;1234,2760000000001;1601,682;384,51799999999997;35,200000000000003
2022-10-30 10:00:00;1395,0450000000001;1773,4280000000001;390,78100000000001;35,209000000000003
2022-10-30 11:00:00;1486,529;1924,549;412,56999999999999;35,756999999999998
2022-10-30 12:00:00;1682,3199999999999;1921,289;408,15800000000002;34,271999999999998
2022-10-30 13:00:00;1881,779;1832,1969999999999;374,86900000000003;33,783999999999999
2022-10-30 14:00:00;2147,779;1502,9259999999999;321,29899999999998;35,162999999999997
2022-10-30 15:00:00;2487,9850000000001;1195,9639999999999;175,94;35,896000000000001
2022-10-30 16:00:00;2591,8110000000001;839,51099999999997;300,99200000000002;36,093000000000004
2022-10-30 17:00:00;2669,0300000000002;385,601;388,99900000000002;34,186999999999998
2022-10-30 18:00:00;2729,2510000000002;59,261000000000003;373,589;36,289000000000001
2022-10-30 19:00:00;2745,6329999999998;2,1419999999999999;339,34300000000002;38,411000000000001
2022-10-30 20:00:00;2700,098;0;305,92899999999997;37,975000000000001
2022-10-30 21:00:00;2574,837;0;181,30600000000001;36,537999999999997
2022-10-30 22:00:00;2414,1790000000001;0;6,2270000000000003;35,058999999999997
2022-10-30 23:00:00;2272,558;0;0;34,466000000000001
2022-10-31 00:00:00;2264,491;0;0;37,475999999999999
2022-10-31 01:00:00;2152,0239999999999;0;0;40,262999999999998
2022-10-31 02:00:00;1920,2380000000001;0;0;37,893000000000001
2022-10-31 03:00:00;1709,3610000000001;0;0;35,939999999999998
2022-10-31 04:00:00;1555,306;0;0;35,215000000000003
2022-10-31 05:00:00;1458,6189999999999;9,7200000000000006;0;35,734000000000002
2022-10-31 06:00:00;1309,463;233,66999999999999;0;13,044
2022-10-31 07:00:00;1169,2529999999999;964,00900000000001;36,960000000000001;13,462
2022-10-31 08:00:00;1112,086;1426,8589999999999;260,89100000000002;13,932
2022-10-31 09:00:00;905,37;1627,4649999999999;329,38;14,273999999999999
2022-10-31 10:00:00;770,63400000000001;1819,76;374,62599999999998;12,958
2022-10-31 11:00:00;625,38900000000001;1886,7819999999999;397,447;13,057
2022-10-31 12:00:00;575,21299999999997;1821,855;362,60599999999999;13,721
2022-10-31 13:00:00;588,33000000000004;1725,02;315,48099999999999;13,340999999999999
2022-10-31 14:00:00;706,26199999999994;1561,4849999999999;306,47399999999999;13,686
2022-10-31 15:00:00;935,46500000000003;1140,1010000000001;312,04399999999998;13,221
2022-10-31 16:00:00;1315,7729999999999;765,89700000000005;320,11599999999999;10,805
2022-10-31 17:00:00;1570,2470000000001;350,06799999999998;368,75;11,023999999999999
2022-10-31 18:00:00;1752,0820000000001;51,866;382,23700000000002;10,869
2022-10-31 19:00:00;1878,1890000000001;1,8109999999999999;350,63999999999999;12,401999999999999
2022-10-31 20:00:00;1884,846;0;249,96299999999999;12,859
2022-10-31 21:00:00;2003,248;0;151,495;12,647
2022-10-31 22:00:00;2121,3760000000002;0;13,791;13,021000000000001
2022-10-31 23:00:00;2132,8049999999998;0;0;11,992000000000001
2022-11-01 00:00:00;2069,0839999999998;0;0;12,327999999999999
2022-11-01 01:00:00;1974,4300000000001;0;0;11,885
2022-11-01 02:00:00;1904,894;0;0;11,781000000000001
2022-11-01 03:00:00;1975,049;0;0;11,997
2022-11-01 04:00:00;1986,954;0;0;11,999000000000001
2022-11-01 05:00:00;1994,0699999999999;7,6260000000000003;0;13,538
2022-11-01 06:00:00;1926,277;197,166;0;33,853999999999999
2022-11-01 07:00:00;1786,3510000000001;690,75099999999998;0;35,915999999999997
2022-11-01 08:00:00;1848,7639999999999;1022,415;46,252000000000002;27,140999999999998
2022-11-01 09:00:00;1891,05;1245,2470000000001;39,194000000000003;38,104999999999997
2022-11-01 10:00:00;1818,682;1455,577;14,231999999999999;39,427999999999997
2022-11-01 11:00:00;1810,6120000000001;1416,9459999999999;8,5760000000000005;38,593000000000004
2022-11-01 12:00:00;1818,52;1380,212;10,653;37,731999999999999
2022-11-01 13:00:00;1887,038;1106,4870000000001;32,381999999999998;38,07
2022-11-01 14:00:00;2009,0419999999999;1070,0319999999999;20,268000000000001;39,673000000000002
2022-11-01 15:00:00;2263,8400000000001;855,77200000000005;23,954000000000001;38,927
2022-11-01 16:00:00;2504,4659999999999;625,43100000000004;6,6000000000000003E-2;23,795000000000002
2022-11-01 17:00:00;2638,9670000000001;364,375;105,01300000000001;23,561
2022-11-01 18:00:00;2637,6750000000002;52,482999999999997;201,792;34,722000000000001
2022-11-01 19:00:00;2521,7370000000001;6,6000000000000003E-2;126,783;40,729999999999997
2022-11-01 20:00:00;2315,4349999999999;0;71,763999999999996;40,728999999999999
2022-11-01 21:00:00;2067,3139999999999;0;0;41,563000000000002
2022-11-01 22:00:00;1933,3510000000001;0;0;38,893999999999998
2022-11-01 23:00:00;1796,8150000000001;0;0;38,149999999999999
2022-11-02 00:00:00;1832,454;0;0;36,935000000000002
2022-11-02 01:00:00;1692,8040000000001;0;0;36,170000000000002
2022-11-02 02:00:00;1541,441;0;0;37,264000000000003
2022-11-02 03:00:00;1657,633;0;0;38,216999999999999
2022-11-02 04:00:00;1770,9970000000001;0;0;38,168999999999997
2022-11-02 05:00:00;1816,672;3,718;0;36,962000000000003
2022-11-02 06:00:00;1792,5119999999999;213,542;0;37,491
2022-11-02 07:00:00;1755,1990000000001;652,56799999999998;4,1890000000000001;40,201000000000001
2022-11-02 08:00:00;1701,9110000000001;1025,529;137,78;40,219000000000001
2022-11-02 09:00:00;1667,0429999999999;1279,636;175,89599999999999;38,893000000000001
2022-11-02 10:00:00;1596,3309999999999;1489,9690000000001;160,959;39,718000000000004
2022-11-02 11:00:00;1515,9100000000001;1612,963;183,12;40,430999999999997
2022-11-02 12:00:00;1489,875;1570,444;173,34299999999999;38,948999999999998
2022-11-02 13:00:00;1632,2360000000001;1398,5360000000001;168,31200000000001;38,564999999999998
2022-11-02 14:00:00;1684,7629999999999;1302,4580000000001;262,68000000000001;24,818999999999999
2022-11-02 15:00:00;1806,8879999999999;1076,633;307,87799999999999;13,817
2022-11-02 16:00:00;2114,7139999999999;815,76199999999994;362,74900000000002;13,529
2022-11-02 17:00:00;2175,9540000000002;290,40699999999998;393,49099999999999;15,519
2022-11-02 18:00:00;2318,8449999999998;61,771999999999998;366,709;12,843
2022-11-02 19:00:00;2151,5369999999998;2,1000000000000001E-2;350,08999999999997;12,792
2022-11-02 20:00:00;1876,2329999999999;0;200,107;14,35
2022-11-02 21:00:00;1539,77;0;117,541;15,196
2022-11-02 22:00:00;1667,5429999999999;0;9,4990000000000006;8,7840000000000007
2022-11-02 23:00:00;1578,0239999999999;0;0;10,961
2022-11-03 00:00:00;1327,4860000000001;0;0;34,343000000000004
2022-11-03 01:00:00;1247,278;0;0;40,643999999999998
2022-11-03 02:00:00;969,15499999999997;0;0;40,228999999999999
2022-11-03 03:00:00;818,83600000000001;0;0;39,485999999999997
2022-11-03 04:00:00;910,77700000000004;0;0;24,018000000000001
2022-11-03 05:00:00;569,69799999999998;4,8280000000000003;0;29,535
2022-11-03 06:00:00;511,09899999999999;214,167;0;36,219999999999999
2022-11-03 07:00:00;449,56099999999998;601,03800000000001;15,975;36,222999999999999
2022-11-03 08:00:00;643,67999999999995;875,91300000000001;28,968;34,707000000000001
2022-11-03 09:00:00;717,851;1020,102;105,289;40,401000000000003
2022-11-03 10:00:00;660,98299999999995;1113,6220000000001;220,98699999999999;42,335000000000001
2022-11-03 11:00:00;669,00099999999998;1185,3599999999999;258,65899999999999;34,087000000000003
2022-11-03 12:00:00;679,15800000000002;1367,4690000000001;249,25800000000001;15,930999999999999
2022-11-03 13:00:00;764,25800000000004;1232,809;232,64599999999999;15,199999999999999
2022-11-03 14:00:00;885,47900000000004;1188,9849999999999;287,56799999999998;22,768000000000001
2022-11-03 15:00:00;1125,9190000000001;1101,7329999999999;354,94400000000002;37,777999999999999
2022-11-03 16:00:00;1514,9069999999999;1001,776;413,46300000000002;40,890999999999998
2022-11-03 17:00:00;1907,0050000000001;550,50099999999998;449,00999999999999;25,919
2022-11-03 18:00:00;2173,0129999999999;77,344999999999999;372,488;20,492999999999999
2022-11-03 19:00:00;2056,2190000000001;0,063;333,75200000000001;35,029000000000003
2022-11-03 20:00:00;1827,3420000000001;0;297,14299999999997;39,978999999999999
2022-11-03 21:00:00;1737,492;0;225,59399999999999;39,451000000000001
2022-11-03 22:00:00;1695,5540000000001;0;10,396000000000001;39,313000000000002
2022-11-03 23:00:00;1413,9469999999999;0;0;39,651000000000003
2022-11-04 00:00:00;1473,1389999999999;0;0;39,277999999999999
2022-11-04 01:00:00;1430,3679999999999;0;0;39,473999999999997
2022-11-04 02:00:00;1460,242;0;0;37,622
2022-11-04 03:00:00;1248,55;0;0;34,997
2022-11-04 04:00:00;1114,8679999999999;0;0;34,517000000000003
2022-11-04 05:00:00;1145,5989999999999;10,343999999999999;0;34,009999999999998
2022-11-04 06:00:00;1107,248;330,41800000000001;12,653;35,225999999999999
2022-11-04 07:00:00;865,75900000000001;955,70600000000002;200,71899999999999;37,889000000000003
2022-11-04 08:00:00;787,79300000000001;1435,374;458,61500000000001;39,246000000000002
2022-11-04 09:00:00;733,61300000000006;1631,4970000000001;464,11799999999999;40,439
2022-11-04 10:00:00;701,74099999999999;1672,876;446,69799999999998;40,344000000000001
2022-11-04 11:00:00;672,47000000000003;1664,5060000000001;430,02699999999999;40,433
2022-11-04 12:00:00;725,173;1661,5;450,33199999999999;36,484999999999999
2022-11-04 13:00:00;844,68499999999995;1512,2670000000001;458,12900000000002;23,335000000000001
2022-11-04 14:00:00;1325,835;1334,1110000000001;457,42599999999999;12,487
2022-11-04 15:00:00;1645,2249999999999;1227,7940000000001;476,65499999999997;12,108000000000001
2022-11-04 16:00:00;2084,5529999999999;1112,5340000000001;489,24000000000001;13,801
2022-11-04 17:00:00;1981,2149999999999;600,61900000000003;473,69400000000002;14,327
2022-11-04 18:00:00;2017,73;86,408000000000001;407,358;13,962
2022-11-04 19:00:00;1772,249;6,9000000000000006E-2;372,36200000000002;13,773999999999999
2022-11-04 20:00:00;1642,749;0;364,459;13,321
2022-11-04 21:00:00;1416,2349999999999;0;347,54700000000003;13,645
2022-11-04 22:00:00;1181,8789999999999;0;95,308000000000007;13,565
2022-11-04 23:00:00;997,375;0;25,026;13,734999999999999
2022-11-05 00:00:00;904,72799999999995;0;0;13,470000000000001
2022-11-05 01:00:00;829,053;0;0;11,805999999999999
2022-11-05 02:00:00;793,70799999999997;0;0;9,7379999999999995
2022-11-05 03:00:00;639,18899999999996;0;3,3000000000000002E-2;12,292
2022-11-05 04:00:00;567,59900000000005;0;0;12,336
2022-11-05 05:00:00;492,63200000000001;14,987;54,704000000000001;14,132
2022-11-05 06:00:00;380,721;423,45999999999998;190,50899999999999;13,5
2022-11-05 07:00:00;289,69799999999998;1153,4960000000001;322,60399999999998;13,885999999999999
2022-11-05 08:00:00;210,06800000000001;1587,53;485,964;14,442
2022-11-05 09:00:00;160,77099999999999;1807,1089999999999;499,46100000000001;14,303000000000001
2022-11-05 10:00:00;106,08499999999999;1935,6569999999999;501,78399999999999;13,473000000000001
2022-11-05 11:00:00;96,899000000000001;2003,751;501,13400000000001;13,628
2022-11-05 12:00:00;180,13;1974,4860000000001;500,78500000000003;14,387
2022-11-05 13:00:00;211,364;1936,5050000000001;493,26299999999998;14,364000000000001
2022-11-05 14:00:00;250,167;1844,45;495,16899999999998;14,824
2022-11-05 15:00:00;371,322;1626,806;495,99400000000003;14,566000000000001
2022-11-05 16:00:00;573,23699999999997;1276,7260000000001;493,34500000000003;13,467000000000001
2022-11-05 17:00:00;929,54300000000001;687,62599999999998;473,608;12,582000000000001
2022-11-05 18:00:00;1373,0940000000001;92,774000000000001;414,69099999999997;13,116
2022-11-05 19:00:00;1517,1120000000001;7,4999999999999997E-2;388,59500000000003;13,808999999999999
2022-11-05 20:00:00;1404,473;0;389,101;13,765000000000001
2022-11-05 21:00:00;1398,5350000000001;0;375,47800000000001;13,534000000000001
2022-11-05 22:00:00;1376,7460000000001;0;108,441;14,34
2022-11-05 23:00:00;1249,328;0;33,738999999999997;15,718999999999999
2022-11-06 00:00:00;1134,077;0;31,766999999999999;14,378
2022-11-06 01:00:00;1095,597;0;31,649000000000001;13,602
2022-11-06 02:00:00;1042,348;0;24,794;12,832000000000001
2022-11-06 03:00:00;937,49000000000001;0;0;12,833
2022-11-06 04:00:00;904,08000000000004;0;1,456;12,596
2022-11-06 05:00:00;916,87199999999996;17,439;86,808000000000007;12,215
2022-11-06 06:00:00;720,96000000000004;435,03500000000003;181,73099999999999;12,599
2022-11-06 07:00:00;498,02699999999999;1190,5119999999999;344,07400000000001;13,891
2022-11-06 08:00:00;421,43400000000003;1589,3150000000001;458,56799999999998;16,312999999999999
2022-11-06 09:00:00;364,536;1782,8430000000001;419,57600000000002;16,678999999999998
2022-11-06 10:00:00;312,47399999999999;1904,854;464,68799999999999;18,468
2022-11-06 11:00:00;364,32400000000001;1863,297;479,19299999999998;20,625
2022-11-06 12:00:00;523,61000000000001;1873,2470000000001;470,798;16,477
2022-11-06 13:00:00;728,09500000000003;1763,181;378,77199999999999;16,655000000000001
2022-11-06 14:00:00;875,29600000000005;1603,45;327,93599999999998;16,423999999999999
2022-11-06 15:00:00;1090,6469999999999;1352,4559999999999;255,88900000000001;16,515999999999998
2022-11-06 16:00:00;1734,3320000000001;857,86500000000001;304,97699999999998;16,456
2022-11-06 17:00:00;1850,21;325,13299999999998;363,65499999999997;16,605
2022-11-06 18:00:00;1964,9200000000001;41,927999999999997;358,54500000000002;16,539999999999999
2022-11-06 19:00:00;1906,1849999999999;0,20499999999999999;337,57999999999998;16,561
2022-11-06 20:00:00;1638,3679999999999;0;297,11200000000002;16,859000000000002
2022-11-06 21:00:00;1657,8910000000001;0;113,758;18,388000000000002
2022-11-06 22:00:00;1426,8489999999999;0;5,593;31,416
2022-11-06 23:00:00;1197,742;0;0;36,036999999999999
2022-11-07 00:00:00;1542,2349999999999;0;31,766999999999999;36,753
2022-11-07 01:00:00;1599,636;0;31,649000000000001;36,466999999999999
2022-11-07 02:00:00;1479,46;0;24,794;36,334000000000003
2022-11-07 03:00:00;1252,6959999999999;0;0;37,329000000000001
2022-11-07 04:00:00;956,15200000000004;0;1,456;38,045999999999999
2022-11-07 05:00:00;836,71799999999996;7,3049999999999997;67,224000000000004;37,277999999999999
2022-11-07 06:00:00;796,56299999999999;127,84099999999999;127,12;38,640000000000001
2022-11-07 07:00:00;688,80399999999997;402,66199999999998;132,36699999999999;31,207999999999998
2022-11-07 08:00:00;778,74199999999996;596,12900000000002;266,154;39,317999999999998
2022-11-07 09:00:00;892,82399999999996;673,11000000000001;298,52300000000002;38,412999999999997
2022-11-07 10:00:00;934,71600000000001;680,24199999999996;299,56400000000002;39,783999999999999
2022-11-07 11:00:00;1072,5060000000001;741,03099999999995;286,76799999999997;40,593000000000004
2022-11-07 12:00:00;1234,825;804,54499999999996;274,06299999999999;40,134999999999998
2022-11-07 13:00:00;1265,2360000000001;676,89300000000003;241,93299999999999;40,829000000000001
2022-11-07 14:00:00;1260,883;572,62599999999998;177,03899999999999;41,457999999999998
2022-11-07 15:00:00;1359,252;404,96699999999998;135,041;40,868000000000002
2022-11-07 16:00:00;1415,1479999999999;286,64299999999997;284,90499999999997;39,898000000000003
2022-11-07 17:00:00;1427,2560000000001;165,71199999999999;283,44499999999999;40,524999999999999
2022-11-07 18:00:00;1406,77;33,661999999999999;273,976;40,982999999999997
2022-11-07 19:00:00;1403,5519999999999;4,2000000000000003E-2;375,45299999999997;41,265000000000001
2022-11-07 20:00:00;1344,3979999999999;0;382,584;40,651000000000003
2022-11-07 21:00:00;1087,6079999999999;0;381,214;41,813000000000002
2022-11-07 22:00:00;825,42200000000003;0;60,593000000000004;41,402999999999999
2022-11-07 23:00:00;758,41200000000003;0;0;39,798000000000002
2022-11-08 00:00:00;0;0;0;0
2022-11-08 01:00:00;0;0;0;0
2022-11-08 02:00:00;0;0;0;0
2022-11-08 03:00:00;0;0;0;0
2022-11-08 04:00:00;0;0;0;0
2022-11-08 05:00:00;0;0;0;0
2022-11-08 06:00:00;0;0;0;0
2022-11-08 07:00:00;0;0;0;0
2022-11-08 08:00:00;0;0;0;0
2022-11-08 09:00:00;0;0;0;0
2022-11-08 10:00:00;0;0;0;0
2022-11-08 11:00:00;0;0;0;0
2022-11-08 12:00:00;0;0;0;0
2022-11-08 13:00:00;0;0;0;0
2022-11-08 14:00:00;0;0;0;0
2022-11-08 15:00:00;0;0;0;0
2022-11-08 16:00:00;0;0;0;0
2022-11-08 17:00:00;0;0;0;0
2022-11-08 18:00:00;0;0;0;0
2022-11-08 19:00:00;0;0;0;0
2022-11-08 20:00:00;0;0;0;0
2022-11-08 21:00:00;0;0;0;0
2022-11-08 22:00:00;0;0;0;0
2022-11-08 23:00:00;0;0;0;0
2022-11-09 00:00:00;0;0;0;0
2022-11-09 01:00:00;0;0;0;0
2022-11-09 02:00:00;0;0;0;0
2022-11-09 03:00:00;0;0;0;0
2022-11-09 04:00:00;0;0;0;0
2022-11-09 05:00:00;0;0;0;0
2022-11-09 06:00:00;0;0;0;0
2022-11-09 07:00:00;0;0;0;0
2022-11-09 08:00:00;0;0;0;0
2022-11-09 09:00:00;0;0;0;0
2022-11-09 10:00:00;0;0;0;0
2022-11-09 11:00:00;0;0;0;0
2022-11-09 12:00:00;0;0;0;0
2022-11-09 13:00:00;0;0;0;0
2022-11-09 14:00:00;0;0;0;0
2022-11-09 15:00:00;0;0;0;0
2022-11-09 16:00:00;0;0;0;0
2022-11-09 17:00:00;0;0;0;0
2022-11-09 18:00:00;0;0;0;0
2022-11-09 19:00:00;0;0;0;0
2022-11-09 20:00:00;0;0;0;0
2022-11-09 21:00:00;0;0;0;0
2022-11-09 22:00:00;0;0;0;0
2022-11-09 23:00:00;0;0;0;0
2022-11-10 00:00:00;0;0;0;0
2022-11-10 01:00:00;0;0;0;0
2022-11-10 02:00:00;0;0;0;0
2022-11-10 03:00:00;0;0;0;0
2022-11-10 04:00:00;0;0;0;0
2022-11-10 05:00:00;0;0;0;0
2022-11-10 06:00:00;0;0;0;0
2022-11-10 07:00:00;0;0;0;0
2022-11-10 08:00:00;0;0;0;0
2022-11-10 09:00:00;0;0;0;0
2022-11-10 10:00:00;0;0;0;0
2022-11-10 11:00:00;0;0;0;0
2022-11-10 12:00:00;0;0;0;0
2022-11-10 13:00:00;0;0;0;0
2022-11-10 14:00:00;0;0;0;0
2022-11-10 15:00:00;0;0;0;0
2022-11-10 16:00:00;0;0;0;0
2022-11-10 17:00:00;0;0;0;0
2022-11-10 18:00:00;0;0;0;0
2022-11-10 19:00:00;0;0;0;0
2022-11-10 20:00:00;0;0;0;0
2022-11-10 21:00:00;0;0;0;0
2022-11-10 22:00:00;0;0;0;0
2022-11-10 23:00:00;0;0;0;0
2022-11-11 00:00:00;0;0;0;0
2022-11-11 01:00:00;0;0;0;0
2022-11-11 02:00:00;0;0;0;0
2022-11-11 03:00:00;0;0;0;0
2022-11-11 04:00:00;0;0;0;0
2022-11-11 05:00:00;0;0;0;0
2022-11-11 06:00:00;0;0;0;0
2022-11-11 07:00:00;0;0;0;0
2022-11-11 08:00:00;0;0;0;0
2022-11-11 09:00:00;0;0;0;0
2022-11-11 10:00:00;0;0;0;0
2022-11-11 11:00:00;0;0;0;0
2022-11-11 12:00:00;0;0;0;0
2022-11-11 13:00:00;0;0;0;0
2022-11-11 14:00:00;0;0;0;0
2022-11-11 15:00:00;0;0;0;0
2022-11-11 16:00:00;0;0;0;0
2022-11-11 17:00:00;0;0;0;0
2022-11-11 18:00:00;0;0;0;0
2022-11-11 19:00:00;0;0;0;0
2022-11-11 20:00:00;0;0;0;0
2022-11-11 21:00:00;0;0;0;0
2022-11-11 22:00:00;0;0;0;0
2022-11-11 23:00:00;0;0;0;0
2022-11-12 00:00:00;0;0;0;0
2022-11-12 01:00:00;0;0;0;0
2022-11-12 02:00:00;0;0;0;0
2022-11-12 03:00:00;0;0;0;0
2022-11-12 04:00:00;0;0;0;0
2022-11-12 05:00:00;0;0;0;0
2022-11-12 06:00:00;0;0;0;0
2022-11-12 07:00:00;0;0;0;0
2022-11-12 08:00:00;0;0;0;0
2022-11-12 09:00:00;0;0;0;0
2022-11-12 10:00:00;0;0;0;0
2022-11-12 11:00:00;0;0;0;0
2022-11-12 12:00:00;0;0;0;0
2022-11-12 13:00:00;0;0;0;0
2022-11-12 14:00:00;0;0;0;0
2022-11-12 15:00:00;0;0;0;0
2022-11-12 16:00:00;0;0;0;0
2022-11-12 17:00:00;0;0;0;0
2022-11-12 18:00:00;0;0;0;0
2022-11-12 19:00:00;0;0;0;0
2022-11-12 20:00:00;0;0;0;0
2022-11-12 21:00:00;0;0;0;0
2022-11-12 22:00:00;0;0;0;0
2022-11-12 23:00:00;0;0;0;0
2022-11-13 00:00:00;0;0;0;0
2022-11-13 01:00:00;0;0;0;0
2022-11-13 02:00:00;0;0;0;0
2022-11-13 03:00:00;0;0;0;0
2022-11-13 04:00:00;0;0;0;0
2022-11-13 05:00:00;0;0;0;0
2022-11-13 06:00:00;0;0;0;0
2022-11-13 07:00:00;0;0;0;0
2022-11-13 08:00:00;0;0;0;0
2022-11-13 09:00:00;0;0;0;0
2022-11-13 10:00:00;0;0;0;0
2022-11-13 11:00:00;0;0;0;0
2022-11-13 12:00:00;0;0;0;0
2022-11-13 13:00:00;0;0;0;0
2022-11-13 14:00:00;0;0;0;0
2022-11-13 15:00:00;0;0;0;0
2022-11-13 16:00:00;0;0;0;0
2022-11-13 17:00:00;0;0;0;0
2022-11-13 18:00:00;0;0;0;0
2022-11-13 19:00:00;0;0;0;0
2022-11-13 20:00:00;0;0;0;0
2022-11-13 21:00:00;0;0;0;0
2022-11-13 22:00:00;0;0;0;0
2022-11-13 23:00:00;0;0;0;0
2022-11-14 00:00:00;0;0;0;0
2022-11-14 01:00:00;0;0;0;0
2022-11-14 02:00:00;0;0;0;0
2022-11-14 03:00:00;0;0;0;0
2022-11-14 04:00:00;0;0;0;0
2022-11-14 05:00:00;0;0;0;0
2022-11-14 06:00:00;0;0;0;0
2022-11-14 07:00:00;0;0;0;0
2022-11-14 08:00:00;0;0;0;0
2022-11-14 09:00:00;0;0;0;0
2022-11-14 10:00:00;0;0;0;0
2022-11-14 11:00:00;0;0;0;0
2022-11-14 12:00:00;0;0;0;0
2022-11-14 13:00:00;0;0;0;0
2022-11-14 14:00:00;0;0;0;0
2022-11-14 15:00:00;0;0;0;0
2022-11-14 16:00:00;0;0;0;0
2022-11-14 17:00:00;0;0;0;0
2022-11-14 18:00:00;0;0;0;0
2022-11-14 19:00:00;0;0;0;0
2022-11-14 20:00:00;0;0;0;0
2022-11-14 21:00:00;0;0;0;0
2022-11-14 22:00:00;0;0;0;0
2022-11-14 23:00:00;0;0;0;0
2022-11-15 00:00:00;0;0;0;0
2022-11-15 01:00:00;0;0;0;0
2022-11-15 02:00:00;0;0;0;0
2022-11-15 03:00:00;0;0;0;0
2022-11-15 04:00:00;0;0;0;0
2022-11-15 05:00:00;0;0;0;0
2022-11-15 06:00:00;0;0;0;0
2022-11-15 07:00:00;0;0;0;0
2022-11-15 08:00:00;0;0;0;0
2022-11-15 09:00:00;0;0;0;0
2022-11-15 10:00:00;0;0;0;0
2022-11-15 11:00:00;0;0;0;0
2022-11-15 12:00:00;0;0;0;0
2022-11-15 13:00:00;0;0;0;0
2022-11-15 14:00:00;0;0;0;0
2022-11-15 15:00:00;0;0;0;0
2022-11-15 16:00:00;0;0;0;0
2022-11-15 17:00:00;0;0;0;0
2022-11-15 18:00:00;0;0;0;0
2022-11-15 19:00:00;0;0;0;0
2022-11-15 20:00:00;0;0;0;0
2022-11-15 21:00:00;0;0;0;0
2022-11-15 22:00:00;0;0;0;0
2022-11-15 23:00:00;0;0;0;0
2022-11-16 00:00:00;0;0;0;0
2022-11-16 01:00:00;0;0;0;0
2022-11-16 02:00:00;0;0;0;0
2022-11-16 03:00:00;0;0;0;0
2022-11-16 04:00:00;0;0;0;0
2022-11-16 05:00:00;0;0;0;0
2022-11-16 06:00:00;0;0;0;0
2022-11-16 07:00:00;0;0;0;0
2022-11-16 08:00:00;0;0;0;0
2022-11-16 09:00:00;0;0;0;0
2022-11-16 10:00:00;0;0;0;0
2022-11-16 11:00:00;0;0;0;0
2022-11-16 12:00:00;0;0;0;0
2022-11-16 13:00:00;0;0;0;0
2022-11-16 14:00:00;0;0;0;0
2022-11-16 15:00:00;0;0;0;0
2022-11-16 16:00:00;0;0;0;0
2022-11-16 17:00:00;0;0;0;0
2022-11-16 18:00:00;0;0;0;0
2022-11-16 19:00:00;0;0;0;0
2022-11-16 20:00:00;0;0;0;0
2022-11-16 21:00:00;0;0;0;0
2022-11-16 22:00:00;0;0;0;0
2022-11-16 23:00:00;0;0;0;0
2022-11-17 00:00:00;0;0;0;0
2022-11-17 01:00:00;0;0;0;0
2022-11-17 02:00:00;0;0;0;0
2022-11-17 03:00:00;0;0;0;0
2022-11-17 04:00:00;0;0;0;0
2022-11-17 05:00:00;0;0;0;0
2022-11-17 06:00:00;0;0;0;0
2022-11-17 07:00:00;0;0;0;0
2022-11-17 08:00:00;0;0;0;0
2022-11-17 09:00:00;0;0;0;0
2022-11-17 10:00:00;0;0;0;0
2022-11-17 11:00:00;0;0;0;0
2022-11-17 12:00:00;0;0;0;0
2022-11-17 13:00:00;0;0;0;0
2022-11-17 14:00:00;0;0;0;0
2022-11-17 15:00:00;0;0;0;0
2022-11-17 16:00:00;0;0;0;0
2022-11-17 17:00:00;0;0;0;0
2022-11-17 18:00:00;0;0;0;0
2022-11-17 19:00:00;0;0;0;0
2022-11-17 20:00:00;0;0;0;0
2022-11-17 21:00:00;0;0;0;0
2022-11-17 22:00:00;0;0;0;0
2022-11-17 23:00:00;0;0;0;0
2022-11-18 00:00:00;0;0;0;0
2022-11-18 01:00:00;0;0;0;0
2022-11-18 02:00:00;0;0;0;0
2022-11-18 03:00:00;0;0;0;0
2022-11-18 04:00:00;0;0;0;0
2022-11-18 05:00:00;0;0;0;0
2022-11-18 06:00:00;0;0;0;0
2022-11-18 07:00:00;0;0;0;0
2022-11-18 08:00:00;0;0;0;0
2022-11-18 09:00:00;0;0;0;0
2022-11-18 10:00:00;0;0;0;0
2022-11-18 11:00:00;0;0;0;0
2022-11-18 12:00:00;0;0;0;0
2022-11-18 13:00:00;0;0;0;0
2022-11-18 14:00:00;0;0;0;0
2022-11-18 15:00:00;0;0;0;0
2022-11-18 16:00:00;0;0;0;0
2022-11-18 17:00:00;0;0;0;0
2022-11-18 18:00:00;0;0;0;0
2022-11-18 19:00:00;0;0;0;0
2022-11-18 20:00:00;0;0;0;0
2022-11-18 21:00:00;0;0;0;0
2022-11-18 22:00:00;0;0;0;0
2022-11-18 23:00:00;0;0;0;0
2022-11-19 00:00:00;0;0;0;0
2022-11-19 01:00:00;0;0;0;0
2022-11-19 02:00:00;0;0;0;0
2022-11-19 03:00:00;0;0;0;0
2022-11-19 04:00:00;0;0;0;0
2022-11-19 05:00:00;0;0;0;0
2022-11-19 06:00:00;0;0;0;0
2022-11-19 07:00:00;0;0;0;0
2022-11-19 08:00:00;0;0;0;0
2022-11-19 09:00:00;0;0;0;0
2022-11-19 10:00:00;0;0;0;0
2022-11-19 11:00:00;0;0;0;0
2022-11-19 12:00:00;0;0;0;0
2022-11-19 13:00:00;0;0;0;0
2022-11-19 14:00:00;0;0;0;0
2022-11-19 15:00:00;0;0;0;0
2022-11-19 16:00:00;0;0;0;0
2022-11-19 17:00:00;0;0;0;0
2022-11-19 18:00:00;0;0;0;0
2022-11-19 19:00:00;0;0;0;0
2022-11-19 20:00:00;0;0;0;0
2022-11-19 21:00:00;0;0;0;0
2022-11-19 22:00:00;0;0;0;0
2022-11-19 23:00:00;0;0;0;0
2022-11-20 00:00:00;0;0;0;0
2022-11-20 01:00:00;0;0;0;0
2022-11-20 02:00:00;0;0;0;0
2022-11-20 03:00:00;0;0;0;0
2022-11-20 04:00:00;0;0;0;0
2022-11-20 05:00:00;0;0;0;0
2022-11-20 06:00:00;0;0;0;0
2022-11-20 07:00:00;0;0;0;0
2022-11-20 08:00:00;0;0;0;0
2022-11-20 09:00:00;0;0;0;0
2022-11-20 10:00:00;0;0;0;0
2022-11-20 11:00:00;0;0;0;0
2022-11-20 12:00:00;0;0;0;0
2022-11-20 13:00:00;0;0;0;0
2022-11-20 14:00:00;0;0;0;0
2022-11-20 15:00:00;0;0;0;0
2022-11-20 16:00:00;0;0;0;0
2022-11-20 17:00:00;0;0;0;0
2022-11-20 18:00:00;0;0;0;0
2022-11-20 19:00:00;0;0;0;0
2022-11-20 20:00:00;0;0;0;0
2022-11-20 21:00:00;0;0;0;0
2022-11-20 22:00:00;0;0;0;0
2022-11-20 23:00:00;0;0;0;0
2022-11-21 00:00:00;0;0;0;0
2022-11-21 01:00:00;0;0;0;0
2022-11-21 02:00:00;0;0;0;0
2022-11-21 03:00:00;0;0;0;0
2022-11-21 04:00:00;0;0;0;0
2022-11-21 05:00:00;0;0;0;0
2022-11-21 06:00:00;0;0;0;0
2022-11-21 07:00:00;0;0;0;0
2022-11-21 08:00:00;0;0;0;0
2022-11-21 09:00:00;0;0;0;0
2022-11-21 10:00:00;0;0;0;0
2022-11-21 11:00:00;0;0;0;0
2022-11-21 12:00:00;0;0;0;0
2022-11-21 13:00:00;0;0;0;0
2022-11-21 14:00:00;0;0;0;0
2022-11-21 15:00:00;0;0;0;0
2022-11-21 16:00:00;0;0;0;0
2022-11-21 17:00:00;0;0;0;0
2022-11-21 18:00:00;0;0;0;0
2022-11-21 19:00:00;0;0;0;0
2022-11-21 20:00:00;0;0;0;0
2022-11-21 21:00:00;0;0;0;0
2022-11-21 22:00:00;0;0;0;0
2022-11-21 23:00:00;0;0;0;0
2022-11-22 00:00:00;0;0;0;0
2022-11-22 01:00:00;0;0;0;0
2022-11-22 02:00:00;0;0;0;0
2022-11-22 03:00:00;0;0;0;0
2022-11-22 04:00:00;0;0;0;0
2022-11-22 05:00:00;0;0;0;0
2022-11-22 06:00:00;0;0;0;0
2022-11-22 07:00:00;0;0;0;0
2022-11-22 08:00:00;0;0;0;0
2022-11-22 09:00:00;0;0;0;0
2022-11-22 10:00:00;0;0;0;0
2022-11-22 11:00:00;0;0;0;0
2022-11-22 12:00:00;0;0;0;0
2022-11-22 13:00:00;0;0;0;0
2022-11-22 14:00:00;0;0;0;0
2022-11-22 15:00:00;0;0;0;0
2022-11-22 16:00:00;0;0;0;0
2022-11-22 17:00:00;0;0;0;0
2022-11-22 18:00:00;0;0;0;0
2022-11-22 19:00:00;0;0;0;0
2022-11-22 20:00:00;0;0;0;0
2022-11-22 21:00:00;0;0;0;0
2022-11-22 22:00:00;0;0;0;0
2022-11-22 23:00:00;0;0;0;0
2022-11-23 00:00:00;0;0;0;0
2022-11-23 01:00:00;0;0;0;0
2022-11-23 02:00:00;0;0;0;0
2022-11-23 03:00:00;0;0;0;0
2022-11-23 04:00:00;0;0;0;0
2022-11-23 05:00:00;0;0;0;0
2022-11-23 06:00:00;0;0;0;0
2022-11-23 07:00:00;0;0;0;0
2022-11-23 08:00:00;0;0;0;0
2022-11-23 09:00:00;0;0;0;0
2022-11-23 10:00:00;0;0;0;0
2022-11-23 11:00:00;0;0;0;0
2022-11-23 12:00:00;0;0;0;0
2022-11-23 13:00:00;0;0;0;0
2022-11-23 14:00:00;0;0;0;0
2022-11-23 15:00:00;0;0;0;0
2022-11-23 16:00:00;0;0;0;0
2022-11-23 17:00:00;0;0;0;0
2022-11-23 18:00:00;0;0;0;0
2022-11-23 19:00:00;0;0;0;0
2022-11-23 20:00:00;0;0;0;0
2022-11-23 21:00:00;0;0;0;0
2022-11-23 22:00:00;0;0;0;0
2022-11-23 23:00:00;0;0;0;0
2022-11-24 00:00:00;0;0;0;0
2022-11-24 01:00:00;0;0;0;0
2022-11-24 02:00:00;0;0;0;0
2022-11-24 03:00:00;0;0;0;0
2022-11-24 04:00:00;0;0;0;0
2022-11-24 05:00:00;0;0;0;0
2022-11-24 06:00:00;0;0;0;0
2022-11-24 07:00:00;0;0;0;0
2022-11-24 08:00:00;0;0;0;0
2022-11-24 09:00:00;0;0;0;0
2022-11-24 10:00:00;0;0;0;0
2022-11-24 11:00:00;0;0;0;0
2022-11-24 12:00:00;0;0;0;0
2022-11-24 13:00:00;0;0;0;0
2022-11-24 14:00:00;0;0;0;0
2022-11-24 15:00:00;0;0;0;0
2022-11-24 16:00:00;0;0;0;0
2022-11-24 17:00:00;0;0;0;0
2022-11-24 18:00:00;0;0;0;0
2022-11-24 19:00:00;0;0;0;0
2022-11-24 20:00:00;0;0;0;0
2022-11-24 21:00:00;0;0;0;0
2022-11-24 22:00:00;0;0;0;0
2022-11-24 23:00:00;0;0;0;0
2022-11-25 00:00:00;0;0;0;0
2022-11-25 01:00:00;0;0;0;0
2022-11-25 02:00:00;0;0;0;0
2022-11-25 03:00:00;0;0;0;0
2022-11-25 04:00:00;0;0;0;0
2022-11-25 05:00:00;0;0;0;0
2022-11-25 06:00:00;0;0;0;0
2022-11-25 07:00:00;0;0;0;0
2022-11-25 08:00:00;0;0;0;0
2022-11-25 09:00:00;0;0;0;0
2022-11-25 10:00:00;0;0;0;0
2022-11-25 11:00:00;0;0;0;0
2022-11-25 12:00:00;0;0;0;0
2022-11-25 13:00:00;0;0;0;0
2022-11-25 14:00:00;0;0;0;0
2022-11-25 15:00:00;0;0;0;0
2022-11-25 16:00:00;0;0;0;0
2022-11-25 17:00:00;0;0;0;0
2022-11-25 18:00:00;0;0;0;0
2022-11-25 19:00:00;0;0;0;0
2022-11-25 20:00:00;0;0;0;0
2022-11-25 21:00:00;0;0;0;0
2022-11-25 22:00:00;0;0;0;0
2022-11-25 23:00:00;0;0;0;0
2022-11-26 00:00:00;0;0;0;0
2022-11-26 01:00:00;0;0;0;0
2022-11-26 02:00:00;0;0;0;0
2022-11-26 03:00:00;0;0;0;0
2022-11-26 04:00:00;0;0;0;0
2022-11-26 05:00:00;0;0;0;0
2022-11-26 06:00:00;0;0;0;0
2022-11-26 07:00:00;0;0;0;0
2022-11-26 08:00:00;0;0;0;0
2022-11-26 09:00:00;0;0;0;0
2022-11-26 10:00:00;0;0;0;0
2022-11-26 11:00:00;0;0;0;0
2022-11-26 12:00:00;0;0;0;0
2022-11-26 13:00:00;0;0;0;0
2022-11-26 14:00:00;0;0;0;0
2022-11-26 15:00:00;0;0;0;0
2022-11-26 16:00:00;0;0;0;0
2022-11-26 17:00:00;0;0;0;0
2022-11-26 18:00:00;0;0;0;0
2022-11-26 19:00:00;0;0;0;0
2022-11-26 20:00:00;0;0;0;0
2022-11-26 21:00:00;0;0;0;0
2022-11-26 22:00:00;0;0;0;0
2022-11-26 23:00:00;0;0;0;0
2022-11-27 00:00:00;0;0;0;0
2022-11-27 01:00:00;0;0;0;0
2022-11-27 02:00:00;0;0;0;0
2022-11-27 03:00:00;0;0;0;0
2022-11-27 04:00:00;0;0;0;0
2022-11-27 05:00:00;0;0;0;0
2022-11-27 06:00:00;0;0;0;0
2022-11-27 07:00:00;0;0;0;0
2022-11-27 08:00:00;0;0;0;0
2022-11-27 09:00:00;0;0;0;0
2022-11-27 10:00:00;0;0;0;0
2022-11-27 11:00:00;0;0;0;0
2022-11-27 12:00:00;0;0;0;0
2022-11-27 13:00:00;0;0;0;0
2022-11-27 14:00:00;0;0;0;0
2022-11-27 15:00:00;0;0;0;0
2022-11-27 16:00:00;0;0;0;0
2022-11-27 17:00:00;0;0;0;0
2022-11-27 18:00:00;0;0;0;0
2022-11-27 19:00:00;0;0;0;0
2022-11-27 20:00:00;0;0;0;0
2022-11-27 21:00:00;0;0;0;0
2022-11-27 22:00:00;0;0;0;0
2022-11-27 23:00:00;0;0;0;0
2022-11-28 00:00:00;0;0;0;0
2022-11-28 01:00:00;0;0;0;0
2022-11-28 02:00:00;0;0;0;0
2022-11-28 03:00:00;0;0;0;0
2022-11-28 04:00:00;0;0;0;0
2022-11-28 05:00:00;0;0;0;0
2022-11-28 06:00:00;0;0;0;0
2022-11-28 07:00:00;0;0;0;0
2022-11-28 08:00:00;0;0;0;0
2022-11-28 09:00:00;0;0;0;0
2022-11-28 10:00:00;0;0;0;0
2022-11-28 11:00:00;0;0;0;0
2022-11-28 12:00:00;0;0;0;0
2022-11-28 13:00:00;0;0;0;0
2022-11-28 14:00:00;0;0;0;0
2022-11-28 15:00:00;0;0;0;0
2022-11-28 16:00:00;0;0;0;0
2022-11-28 17:00:00;0;0;0;0
2022-11-28 18:00:00;0;0;0;0
2022-11-28 19:00:00;0;0;0;0
2022-11-28 20:00:00;0;0;0;0
2022-11-28 21:00:00;0;0;0;0
2022-11-28 22:00:00;0;0;0;0
2022-11-28 23:00:00;0;0;0;0
2022-11-29 00:00:00;0;0;0;0
2022-11-29 01:00:00;0;0;0;0
2022-11-29 02:00:00;0;0;0;0
2022-11-29 03:00:00;0;0;0;0
2022-11-29 04:00:00;0;0;0;0
2022-11-29 05:00:00;0;0;0;0
2022-11-29 06:00:00;0;0;0;0
2022-11-29 07:00:00;0;0;0;0
2022-11-29 08:00:00;0;0;0;0
2022-11-29 09:00:00;0;0;0;0
2022-11-29 10:00:00;0;0;0;0
2022-11-29 11:00:00;0;0;0;0
2022-11-29 12:00:00;0;0;0;0
2022-11-29 13:00:00;0;0;0;0
2022-11-29 14:00:00;0;0;0;0
2022-11-29 15:00:00;0;0;0;0
2022-11-29 16:00:00;0;0;0;0
2022-11-29 17:00:00;0;0;0;0
2022-11-29 18:00:00;0;0;0;0
2022-11-29 19:00:00;0;0;0;0
2022-11-29 20:00:00;0;0;0;0
2022-11-29 21:00:00;0;0;0;0
2022-11-29 22:00:00;0;0;0;0
2022-11-29 23:00:00;0;0;0;0
2022-11-30 00:00:00;0;0;0;0
2022-11-30 01:00:00;0;0;0;0
2022-11-30 02:00:00;0;0;0;0
2022-11-30 03:00:00;0;0;0;0
2022-11-30 04:00:00;0;0;0;0
2022-11-30 05:00:00;0;0;0;0
2022-11-30 06:00:00;0;0;0;0
2022-11-30 07:00:00;0;0;0;0
2022-11-30 08:00:00;0;0;0;0
2022-11-30 09:00:00;0;0;0;0
2022-11-30 10:00:00;0;0;0;0
2022-11-30 11:00:00;0;0;0;0
2022-11-30 12:00:00;0;0;0;0
2022-11-30 13:00:00;0;0;0;0
2022-11-30 14:00:00;0;0;0;0
2022-11-30 15:00:00;0;0;0;0
2022-11-30 16:00:00;0;0;0;0
2022-11-30 17:00:00;0;0;0;0
2022-11-30 18:00:00;0;0;0;0
2022-11-30 19:00:00;0;0;0;0
2022-11-30 20:00:00;0;0;0;0
2022-11-30 21:00:00;0;0;0;0
2022-11-30 22:00:00;0;0;0;0
2022-11-30 23:00:00;0;0;0;0
