Date Time Hour Beginning;Wind;PV;CSP;Other RE
2023-01-01 00:00:00;1135,713;0;8,1579999999999995;33,469999999999999
2023-01-01 01:00:00;1057,018;0;0;33,539000000000001
2023-01-01 02:00:00;1084,585;0;0;32,740000000000002
2023-01-01 03:00:00;982,90800000000002;0;0;31,526
2023-01-01 04:00:00;859,83500000000004;0;0;30,983000000000001
2023-01-01 05:00:00;796,173;9,2690000000000001;41,689999999999998;31,023
2023-01-01 06:00:00;696,68799999999999;307,279;152,83099999999999;31,405999999999999
2023-01-01 07:00:00;631,45100000000002;941,55100000000004;288,495;15,977
2023-01-01 08:00:00;827,65499999999997;1349,5139999999999;468,18400000000003;25,021999999999998
2023-01-01 09:00:00;891,702;1610,366;486,452;25,977
2023-01-01 10:00:00;852,38099999999997;1756,922;488,29399999999998;28,664999999999999
2023-01-01 11:00:00;777,02999999999997;1784,078;473,63299999999998;28,872
2023-01-01 12:00:00;709,27599999999995;1716,0160000000001;439,67099999999999;29,149999999999999
2023-01-01 13:00:00;680,36500000000001;1660,0329999999999;426,90199999999999;24,288
2023-01-01 14:00:00;808,11000000000001;1518,239;370,959;26,826000000000001
2023-01-01 15:00:00;930,02599999999995;1409,0899999999999;380,892;26,305
2023-01-01 16:00:00;1050,212;1198,902;338,13999999999999;24,158000000000001
2023-01-01 17:00:00;1177,2049999999999;829,36300000000006;372,21199999999999;29,542999999999999
2023-01-01 18:00:00;1543,845;405,38099999999997;409,69900000000001;31,158000000000001
2023-01-01 19:00:00;1943,588;27,512;376,42700000000002;31,547000000000001
2023-01-01 20:00:00;1976,425;0,38600000000000001;366,73399999999998;31,210000000000001
2023-01-01 21:00:00;1928,8209999999999;0;333,10000000000002;31,666
2023-01-01 22:00:00;1720,598;0;106,19499999999999;32,113
2023-01-01 23:00:00;1453,7139999999999;0;73,822999999999993;30,891999999999999
2023-01-02 00:00:00;1238,0429999999999;0;37,810000000000002;26,137
2023-01-02 01:00:00;1142,8879999999999;0;37,840000000000003;30,710999999999999
2023-01-02 02:00:00;1106,1210000000001;0;37,779000000000003;30,812000000000001
2023-01-02 03:00:00;1011,319;0;14,526999999999999;30,41
2023-01-02 04:00:00;948,27499999999998;0;0;29,059999999999999
2023-01-02 05:00:00;883,36099999999999;9,6099999999999994;0;26,373999999999999
2023-01-02 06:00:00;782,40999999999997;323,09100000000001;46,487000000000002;19,646000000000001
2023-01-02 07:00:00;738,95799999999997;1049,454;180,40899999999999;27,533999999999999
2023-01-02 08:00:00;908,09500000000003;1469,412;393,66399999999999;25,824000000000002
2023-01-02 09:00:00;972,65700000000004;1701,7850000000001;411,40800000000002;27,724
2023-01-02 10:00:00;1036,0830000000001;1855,0889999999999;408,72500000000002;23,658000000000001
2023-01-02 11:00:00;1128,701;1838,585;393,69600000000003;7,2370000000000001
2023-01-02 12:00:00;1259,7829999999999;1652,6679999999999;372,113;7,0199999999999996
2023-01-02 13:00:00;1460,0930000000001;1534,828;306,87400000000002;5,7619999999999996
2023-01-02 14:00:00;1665,5899999999999;1362,713;273,99700000000001;1,262
2023-01-02 15:00:00;1713,1489999999999;1306,3420000000001;183,32400000000001;1,4350000000000001
2023-01-02 16:00:00;1920,4690000000001;1082,393;204,161;6,1299999999999999
2023-01-02 17:00:00;2097,201;714,73500000000001;357,11500000000001;5,4660000000000002
2023-01-02 18:00:00;2023,2139999999999;276,89600000000002;354,88799999999998;5,0800000000000001
2023-01-02 19:00:00;1639,0129999999999;17,106000000000002;368,42000000000002;5,6139999999999999
2023-01-02 20:00:00;1842,4770000000001;0;360,48200000000003;4,9630000000000001
2023-01-02 21:00:00;1522,866;0;288,916;8,1029999999999998
2023-01-02 22:00:00;1510,1030000000001;0;87,935000000000002;22,956
2023-01-02 23:00:00;1588,5989999999999;0;3,2130000000000001;29,628
2023-01-03 00:00:00;1578,6510000000001;0;0;30,981999999999999
2023-01-03 01:00:00;1508,943;0;0;29,949999999999999
2023-01-03 02:00:00;1381,913;0;0;10,548
2023-01-03 03:00:00;1420,2550000000001;0;0;23,861999999999998
2023-01-03 04:00:00;1504,7850000000001;0;0;28,170000000000002
2023-01-03 05:00:00;1477,3679999999999;8,5259999999999998;0;29,082999999999998
2023-01-03 06:00:00;1450,0799999999999;320,613;0;20,349
2023-01-03 07:00:00;1381,107;1063,4649999999999;115,021;26,41
2023-01-03 08:00:00;1363,259;1519,364;429,66500000000002;24,856000000000002
2023-01-03 09:00:00;1331,5530000000001;1787,2750000000001;485,88799999999998;31,379999999999999
2023-01-03 10:00:00;1272,9359999999999;1931,278;484,98500000000001;33,18
2023-01-03 11:00:00;1296,9570000000001;1944,847;484,25700000000001;33,180999999999997
2023-01-03 12:00:00;1326,433;1904,7339999999999;413,88099999999997;31,693999999999999
2023-01-03 13:00:00;1410,9280000000001;1845,654;358,85399999999998;32,521000000000001
2023-01-03 14:00:00;1447,7819999999999;1616,8779999999999;310,02100000000002;33,295000000000002
2023-01-03 15:00:00;1557,193;1393,0650000000001;274,27999999999997;20,375
2023-01-03 16:00:00;1582,702;1293,808;278,05500000000001;26,041
2023-01-03 17:00:00;1580,0060000000001;859,476;339,245;32,030000000000001
2023-01-03 18:00:00;1802,2929999999999;224,714;342,46600000000001;34,488999999999997
2023-01-03 19:00:00;1960,6969999999999;12,843;323,75299999999999;33,554000000000002
2023-01-03 20:00:00;2221,163;0,38100000000000001;308,45600000000002;32,689
2023-01-03 21:00:00;2256,9369999999999;0;258,80500000000001;34,021000000000001
2023-01-03 22:00:00;2171,538;0;39,170999999999999;34,820999999999998
2023-01-03 23:00:00;1662,1990000000001;0;38,582000000000001;35,000999999999998
2023-01-04 00:00:00;1271,4780000000001;0;38,609000000000002;35,232999999999997
2023-01-04 01:00:00;1610,854;0;38,654000000000003;33,274999999999999
2023-01-04 02:00:00;1715,3589999999999;0;38,701000000000001;34,271999999999998
2023-01-04 03:00:00;1547,1859999999999;0;17,352;34,238999999999997
2023-01-04 04:00:00;1117,163;0;0;33,643000000000001
2023-01-04 05:00:00;1098,019;6,1210000000000004;0;33,435000000000002
2023-01-04 06:00:00;1058,5730000000001;253,29499999999999;0;34,427999999999997
2023-01-04 07:00:00;1056,4649999999999;822,33799999999997;32,392000000000003;31,41
2023-01-04 08:00:00;1021,502;1342,8530000000001;295,25900000000001;18,562000000000001
2023-01-04 09:00:00;907,16399999999999;1522,9349999999999;385,60700000000003;34,164999999999999
2023-01-04 10:00:00;886,63800000000003;1649,934;395,108;36,277000000000001
2023-01-04 11:00:00;1167,03;1679,5899999999999;375,71300000000002;36,646000000000001
2023-01-04 12:00:00;1501,7149999999999;1626,9670000000001;401,96199999999999;36,344000000000001
2023-01-04 13:00:00;1920,3099999999999;1496,326;456,44900000000001;36,146000000000001
2023-01-04 14:00:00;2039,2919999999999;1391,1690000000001;457,28699999999998;36,616999999999997
2023-01-04 15:00:00;2016,806;1286,4300000000001;434,56999999999999;37,320999999999998
2023-01-04 16:00:00;2126,0740000000001;1172,222;436,13;38,026000000000003
2023-01-04 17:00:00;2321,8409999999999;831,87800000000004;467,14299999999997;37,518999999999998
2023-01-04 18:00:00;2421,1700000000001;335,59800000000001;438,49900000000002;35,999000000000002
2023-01-04 19:00:00;2371,058;24,181000000000001;382,82299999999998;37,997999999999998
2023-01-04 20:00:00;2022,52;0,41099999999999998;371,64400000000001;37,372999999999998
2023-01-04 21:00:00;1759,6990000000001;0;286,755;37,259999999999998
2023-01-04 22:00:00;1527,1189999999999;0;106,851;36,139000000000003
2023-01-04 23:00:00;1412,9359999999999;0;80,231999999999999;35,335000000000001
2023-01-05 00:00:00;1480,9690000000001;0;38,234999999999999;33,604999999999997
2023-01-05 01:00:00;1426,6980000000001;0;39,991;25,786999999999999
2023-01-05 02:00:00;1344,2239999999999;0;39,959000000000003;34,493000000000002
2023-01-05 03:00:00;1203,2139999999999;0;39,988999999999997;34,979999999999997
2023-01-05 04:00:00;1197,421;0;20,783999999999999;35,331000000000003
2023-01-05 05:00:00;1243,4760000000001;4,8849999999999998;69,609999999999999;25,728000000000002
2023-01-05 06:00:00;1391,1559999999999;279,94;172,65299999999999;31,329000000000001
2023-01-05 07:00:00;1519,501;918,02499999999998;267,50999999999999;35,710999999999999
2023-01-05 08:00:00;1608,011;1393,3219999999999;473,46899999999999;38,448999999999998
2023-01-05 09:00:00;1699,27;1649,402;491,851;38,941000000000003
2023-01-05 10:00:00;1685,787;1737,289;481;32,185000000000002
2023-01-05 11:00:00;1675,951;1781,1659999999999;451,31;37,707999999999998
2023-01-05 12:00:00;1864,6880000000001;1673,4300000000001;436,85199999999998;35,728999999999999
2023-01-05 13:00:00;1988,4849999999999;1620,5719999999999;450,113;36,866
2023-01-05 14:00:00;1970,636;1589,069;421,35399999999998;35,406999999999996
2023-01-05 15:00:00;2147,3409999999999;1429,0799999999999;412,41500000000002;30,844999999999999
2023-01-05 16:00:00;2094,596;1216,028;419,03899999999999;26,527000000000001
2023-01-05 17:00:00;2121,6370000000002;932,65099999999995;458,50099999999998;36,326000000000001
2023-01-05 18:00:00;2409,1350000000002;403,31799999999998;453,13;32,567
2023-01-05 19:00:00;2615,5520000000001;27,635999999999999;392,11399999999998;29,919
2023-01-05 20:00:00;2618,6309999999999;0,58199999999999996;386,06900000000002;29,652000000000001
2023-01-05 21:00:00;2617,1480000000001;0;374,43400000000003;31,381
2023-01-05 22:00:00;2470,538;0;113,402;30,747
2023-01-05 23:00:00;2282,8919999999998;0;86,396000000000001;31,163
2023-01-06 00:00:00;2205,5039999999999;0;39,119999999999997;31,684999999999999
2023-01-06 01:00:00;2047,306;0;39,067;31,501000000000001
2023-01-06 02:00:00;1872,4159999999999;0;36,981000000000002;28,942
2023-01-06 03:00:00;1827,5070000000001;0;0,38100000000000001;29,643999999999998
2023-01-06 04:00:00;1787,3299999999999;0;0;34,414000000000001
2023-01-06 05:00:00;1782,8779999999999;6,5259999999999998;69,5;35,661999999999999
2023-01-06 06:00:00;1784,4590000000001;275,68200000000002;229,51499999999999;36,326999999999998
2023-01-06 07:00:00;1861,0519999999999;908,66300000000001;335,08300000000003;33,890000000000001
2023-01-06 08:00:00;1874,4200000000001;1407,01;487,15800000000002;36,170000000000002
2023-01-06 09:00:00;1717,6279999999999;1699,902;502,31;32,402999999999999
2023-01-06 10:00:00;1664,7080000000001;1876,173;502,68900000000002;36,106000000000002
2023-01-06 11:00:00;1629,998;1919,931;478,04500000000002;38,432000000000002
2023-01-06 12:00:00;1614,808;1855,826;490,23599999999999;32,875
2023-01-06 13:00:00;1657,6369999999999;1812,771;504,85700000000003;33,343000000000004
2023-01-06 14:00:00;1653,2059999999999;1765,1959999999999;504,37099999999998;32,241
2023-01-06 15:00:00;1599,1179999999999;1657,579;502,06999999999999;35,031999999999996
2023-01-06 16:00:00;1601,5799999999999;1427,95;501,35899999999998;34,799999999999997
2023-01-06 17:00:00;1713,1410000000001;1102,8320000000001;486,19299999999998;38,761000000000003
2023-01-06 18:00:00;1838,614;462,67200000000003;454,476;37,487000000000002
2023-01-06 19:00:00;1895,502;31,030000000000001;390,90699999999998;36,314999999999998
2023-01-06 20:00:00;1966,4849999999999;0,40400000000000003;391,94299999999998;27,981999999999999
2023-01-06 21:00:00;2064,3510000000001;0;376,93700000000001;29,515999999999998
2023-01-06 22:00:00;2011,4449999999999;0;110,002;34,354999999999997
2023-01-06 23:00:00;1974,1780000000001;0;95,319000000000003;36,402000000000001
2023-01-07 00:00:00;1793,328;0;39,176000000000002;32,435000000000002
2023-01-07 01:00:00;1657,6500000000001;0;36,281999999999996;36,298000000000002
2023-01-07 02:00:00;1467,259;0;31,693000000000001;34,956000000000003
2023-01-07 03:00:00;1400,7239999999999;0;34,966999999999999;34,055999999999997
2023-01-07 04:00:00;1428,2249999999999;0;35,718000000000004;34,069000000000003
2023-01-07 05:00:00;1424,4000000000001;6,3970000000000002;168,36799999999999;35,383000000000003
2023-01-07 06:00:00;1352,672;289,14100000000002;276,51400000000001;34,164999999999999
2023-01-07 07:00:00;1159,693;983,71799999999996;337,11799999999999;31,661000000000001
2023-01-07 08:00:00;961,94600000000003;1413,125;493,017;34,625
2023-01-07 09:00:00;786,67899999999997;1647,133;503,71499999999997;37,578000000000003
2023-01-07 10:00:00;647,98400000000004;1774,588;503,84500000000003;36,515000000000001
2023-01-07 11:00:00;580,25999999999999;1807,7670000000001;503,875;32,465000000000003
2023-01-07 12:00:00;592,26400000000001;1831,6959999999999;502,21699999999998;38,438000000000002
2023-01-07 13:00:00;650,00199999999995;1864,4659999999999;501,80399999999997;33,715000000000003
2023-01-07 14:00:00;722,11199999999997;1739,125;501,41800000000001;38,209000000000003
2023-01-07 15:00:00;778,98099999999999;1656,0709999999999;500,904;37,780999999999999
2023-01-07 16:00:00;775,88999999999999;1468,6659999999999;500,928;37,707000000000001
2023-01-07 17:00:00;854,76900000000001;1055,4059999999999;493,79700000000003;37,529000000000003
2023-01-07 18:00:00;1008,033;451,74200000000002;468,26299999999998;37,137
2023-01-07 19:00:00;1278,0070000000001;31,257000000000001;399,452;38,749000000000002
2023-01-07 20:00:00;1593,5329999999999;0,40000000000000002;393,86200000000002;38,329999999999998
2023-01-07 21:00:00;1831,6389999999999;0;384,06099999999998;37,359999999999999
2023-01-07 22:00:00;1820,4490000000001;0;113,30800000000001;37,869999999999997
2023-01-07 23:00:00;1616,3340000000001;0;85,731999999999999;39,639000000000003
2023-01-08 00:00:00;1468,9870000000001;0;38,348999999999997;38,960000000000001
2023-01-08 01:00:00;1310,6510000000001;0;38,438000000000002;38,738999999999997
2023-01-08 02:00:00;1216,9849999999999;0;38,299999999999997;38,072000000000003
2023-01-08 03:00:00;1142,8989999999999;0;38,570999999999998;37,808
2023-01-08 04:00:00;1047,4559999999999;0;40,881;36,540999999999997
2023-01-08 05:00:00;952,66200000000003;5,7949999999999999;216,60400000000001;36,609999999999999
2023-01-08 06:00:00;781,08000000000004;295,28800000000001;276,42200000000003;35,970999999999997
2023-01-08 07:00:00;599,81100000000004;997,46000000000004;344,59300000000002;36,881
2023-01-08 08:00:00;473,88799999999998;1433,127;491,75099999999998;38,607999999999997
2023-01-08 09:00:00;475,37700000000001;1666,1969999999999;502,149;39,744999999999997
2023-01-08 10:00:00;456,93799999999999;1779,566;500,95100000000002;40,070999999999998
2023-01-08 11:00:00;514,76599999999996;1833,269;484,149;39,491
2023-01-08 12:00:00;579,42499999999995;1780,49;468,995;36,404000000000003
2023-01-08 13:00:00;672,21600000000001;1662,7750000000001;466,45100000000002;35,825000000000003
2023-01-08 14:00:00;773,26499999999999;1634,5;445,75099999999998;35,765999999999998
2023-01-08 15:00:00;888,33299999999997;1533,3150000000001;447,43299999999999;32,515999999999998
2023-01-08 16:00:00;916,81799999999998;1259,5899999999999;449,61500000000001;36,716000000000001
2023-01-08 17:00:00;939,86400000000003;978,29100000000005;474,57100000000003;37,113999999999997
2023-01-08 18:00:00;1062,6769999999999;444,37400000000002;445,94299999999998;37,395000000000003
2023-01-08 19:00:00;1336,0619999999999;31,018999999999998;389,79700000000003;36,802
2023-01-08 20:00:00;1311,1369999999999;0,45700000000000002;380,37900000000002;35,319000000000003
2023-01-08 21:00:00;993,50699999999995;0;374,07299999999998;28,064
2023-01-08 22:00:00;756,41499999999996;0;117,938;25,91
2023-01-08 23:00:00;609,84199999999998;0;84,076999999999998;32,774000000000001
2023-01-09 00:00:00;575,55200000000002;0;37,156999999999996;34,398000000000003
2023-01-09 01:00:00;541,71100000000001;0;37,200000000000003;35,630000000000003
2023-01-09 02:00:00;470,822;0;37,231999999999999;33,965000000000003
2023-01-09 03:00:00;431,041;0;37,347000000000001;30,456
2023-01-09 04:00:00;371,20100000000002;0;39,316000000000003;30,457000000000001
2023-01-09 05:00:00;413,21499999999997;6,3289999999999997;153,148;27,077000000000002
2023-01-09 06:00:00;591,995;300,38799999999998;197,261;31,141999999999999
2023-01-09 07:00:00;715,44100000000003;989,99400000000003;267,27199999999999;32,749000000000002
2023-01-09 08:00:00;743,48699999999997;1445,0530000000001;477,66199999999998;35,654000000000003
2023-01-09 09:00:00;973,59400000000005;1718,319;501,10899999999998;35,244999999999997
2023-01-09 10:00:00;1030,143;1893,751;500,85199999999998;34,167999999999999
2023-01-09 11:00:00;986,85699999999997;1910,2429999999999;499,34699999999998;23,561
2023-01-09 12:00:00;986,79300000000001;1934,614;497,34399999999999;31,329999999999998
2023-01-09 13:00:00;1033,585;1869,329;488,87299999999999;33,316000000000003
2023-01-09 14:00:00;1173,299;1764,3099999999999;478,65199999999999;25,916
2023-01-09 15:00:00;1517,0060000000001;1625,442;477,16199999999998;34,576000000000001
2023-01-09 16:00:00;1694,838;1232,6800000000001;424,12799999999999;34,692999999999998
2023-01-09 17:00:00;1823,0999999999999;1001,889;471,81900000000002;35,847000000000001
2023-01-09 18:00:00;1714,0150000000001;419,90499999999997;442,96600000000001;35,075000000000003
2023-01-09 19:00:00;1387,7329999999999;29,260999999999999;384,51499999999999;36,475999999999999
2023-01-09 20:00:00;1074,8009999999999;0,45500000000000002;375,26400000000001;36,804000000000002
2023-01-09 21:00:00;810,40499999999997;0;369,90199999999999;34,707999999999998
2023-01-09 22:00:00;602,59500000000003;0;114,499;36,798999999999999
2023-01-09 23:00:00;568,71600000000001;0;91,290999999999997;36,167999999999999
2023-01-10 00:00:00;639,05999999999995;0;41,390000000000001;35,988999999999997
2023-01-10 01:00:00;682,54700000000003;0;37,966000000000001;36,841000000000001
2023-01-10 02:00:00;612,71400000000006;0;37,975999999999999;35,307000000000002
2023-01-10 03:00:00;462,00799999999998;0;37,948999999999998;33,968000000000004
2023-01-10 04:00:00;325,51999999999998;0;37,747999999999998;33,973999999999997
2023-01-10 05:00:00;226,946;5,415;69,570999999999998;35,960999999999999
2023-01-10 06:00:00;177,905;279,62799999999999;202,01900000000001;37,555999999999997
2023-01-10 07:00:00;181,119;980,25400000000002;255,40600000000001;36,177
2023-01-10 08:00:00;201,28;1500,2159999999999;462,51900000000001;36,976999999999997
2023-01-10 09:00:00;220,696;1750,2370000000001;465,88200000000001;16,928999999999998
2023-01-10 10:00:00;285,45800000000003;1895,9590000000001;388,97899999999998;14,318
2023-01-10 11:00:00;422,88099999999997;1956,825;400,80000000000001;13,381
2023-01-10 12:00:00;608,36599999999999;1905,1780000000001;388,99200000000002;14,433
2023-01-10 13:00:00;768,56100000000004;1788,3330000000001;372,18700000000001;14,771000000000001
2023-01-10 14:00:00;964,35699999999997;1614,809;312,61099999999999;25,318000000000001
2023-01-10 15:00:00;1092,787;1385,704;331,77300000000002;34,310000000000002
2023-01-10 16:00:00;1409,749;1175,174;366,05099999999999;37,795000000000002
2023-01-10 17:00:00;1722,0419999999999;740,53599999999994;398,07900000000001;36,168999999999997
2023-01-10 18:00:00;1733,0989999999999;305,60000000000002;354,30700000000002;34,649000000000001
2023-01-10 19:00:00;1600,549;20,788;356,21199999999999;35,506
2023-01-10 20:00:00;1523,9839999999999;0,41799999999999998;359,19799999999998;35,499000000000002
2023-01-10 21:00:00;1436,751;0;354,00200000000001;35,972999999999999
2023-01-10 22:00:00;1331,424;0;68,558999999999997;37,453000000000003
2023-01-10 23:00:00;1133,0260000000001;0;37,939999999999998;37,18
2023-01-11 00:00:00;695,76999999999998;0;37,933999999999997;37,265999999999998
2023-01-11 01:00:00;514,59900000000005;0;37,962000000000003;37,465000000000003
2023-01-11 02:00:00;386,20100000000002;0;37,996000000000002;37,119999999999997
2023-01-11 03:00:00;268,041;0;20,577000000000002;34,076000000000001
2023-01-11 04:00:00;257,61700000000002;0;0;34,127000000000002
2023-01-11 05:00:00;188,41200000000001;5,2969999999999997;0;38,112000000000002
2023-01-11 06:00:00;198,761;239,16499999999999;5,0999999999999997E-2;38,372999999999998
2023-01-11 07:00:00;194,982;830,04899999999998;25,800000000000001;35,552999999999997
2023-01-11 08:00:00;241,97499999999999;1343,915;120,396;37,826000000000001
2023-01-11 09:00:00;393,13400000000001;1593,6890000000001;147,43899999999999;39,170000000000002
2023-01-11 10:00:00;476,35000000000002;1800,1199999999999;169,02000000000001;35,201000000000001
2023-01-11 11:00:00;465,20800000000003;1851,3920000000001;151,732;34,387
2023-01-11 12:00:00;584,84699999999998;1712,087;208,35599999999999;13,787000000000001
2023-01-11 13:00:00;716,57299999999998;1400,4480000000001;171,75800000000001;13,491
2023-01-11 14:00:00;843,68700000000001;1352,9490000000001;168,43299999999999;16,477
2023-01-11 15:00:00;919,45799999999997;1104,3699999999999;146,048;21,658000000000001
2023-01-11 16:00:00;925,27800000000002;911,70000000000005;133,94999999999999;12,265000000000001
2023-01-11 17:00:00;868,45899999999995;609,81700000000001;174,02500000000001;11,676
2023-01-11 18:00:00;1009,453;186,37;181,155;7,7009999999999996
2023-01-11 19:00:00;1105,8040000000001;11,755000000000001;200,79900000000001;7,4569999999999999
2023-01-11 20:00:00;965,346;0,48299999999999998;176,874;7,7519999999999998
2023-01-11 21:00:00;675,93100000000004;0;83,573999999999998;12,491
2023-01-11 22:00:00;808,18700000000001;0;37,645000000000003;26,809999999999999
2023-01-11 23:00:00;780,76499999999999;0;37,567999999999998;37,003999999999998
2023-01-12 00:00:00;566,25199999999995;0;37,549999999999997;36,506
2023-01-12 01:00:00;460,98000000000002;0;19,446000000000002;37,292999999999999
2023-01-12 02:00:00;522,82799999999997;0;0;34,283000000000001
2023-01-12 03:00:00;609,88300000000004;0;0;33,866999999999997
2023-01-12 04:00:00;623,27499999999998;0;0;32,630000000000003
2023-01-12 05:00:00;780,72799999999995;2,9169999999999998;0;34,490000000000002
2023-01-12 06:00:00;807,91899999999998;186,73599999999999;0;32,835000000000001
2023-01-12 07:00:00;616,68600000000004;692,55399999999997;6,7930000000000001;35,688000000000002
2023-01-12 08:00:00;608,245;1200,3489999999999;119,158;36,866
2023-01-12 09:00:00;838,18799999999999;1634,3199999999999;209,34200000000001;36,953000000000003
2023-01-12 10:00:00;956,54899999999998;1802,5050000000001;311,59699999999998;18,364999999999998
2023-01-12 11:00:00;1104,4970000000001;1879,7950000000001;328,69099999999997;34,481999999999999
2023-01-12 12:00:00;1305,8630000000001;1823,355;338,97800000000001;34,904000000000003
2023-01-12 13:00:00;1422,0840000000001;1671,404;304,392;33,837000000000003
2023-01-12 14:00:00;1735,6790000000001;1535,385;300,20499999999998;32,398000000000003
2023-01-12 15:00:00;2246,9740000000002;1403,559;237,50700000000001;38,063000000000002
2023-01-12 16:00:00;2191,5500000000002;1248,7070000000001;238,27799999999999;38,289999999999999
2023-01-12 17:00:00;2113,6010000000001;828,21400000000006;310,15800000000002;38,182000000000002
2023-01-12 18:00:00;2046,1880000000001;323,90699999999998;362,07999999999998;36,863
2023-01-12 19:00:00;2227,9099999999999;20,579999999999998;332,11099999999999;35,982999999999997
2023-01-12 20:00:00;2222,6019999999999;0,624;315,29500000000002;35,566000000000003
2023-01-12 21:00:00;1764,9659999999999;0;299,33100000000002;36,460999999999999
2023-01-12 22:00:00;1672,058;0;50,957000000000001;36,545000000000002
2023-01-12 23:00:00;1338,98;0;37,941000000000003;36,655999999999999
2023-01-13 00:00:00;1217,1469999999999;0;37,893000000000001;35,908999999999999
2023-01-13 01:00:00;1094,231;0;30,748000000000001;36,343000000000004
2023-01-13 02:00:00;952,27099999999996;0;0;36,616999999999997
2023-01-13 03:00:00;754,51099999999997;0;0;35,387
2023-01-13 04:00:00;628,13999999999999;0;0,76200000000000001;36,319000000000003
2023-01-13 05:00:00;535,17399999999998;4,1970000000000001;65,512;36,542000000000002
2023-01-13 06:00:00;473,36000000000001;265,76499999999999;112,429;36,579000000000001
2023-01-13 07:00:00;484,56599999999997;1003,202;169,99000000000001;35,087000000000003
2023-01-13 08:00:00;579,16700000000003;1488,829;425,05200000000002;32,649000000000001
2023-01-13 09:00:00;640,96100000000001;1744,8689999999999;495,91399999999999;33,338000000000001
2023-01-13 10:00:00;724,10299999999995;1869,942;462,18099999999998;33,960000000000001
2023-01-13 11:00:00;785,83600000000001;1892,3900000000001;441,577;30,062000000000001
2023-01-13 12:00:00;906,60199999999998;1935,4290000000001;438,52100000000002;22,277000000000001
2023-01-13 13:00:00;1028,182;1895,4570000000001;436,05000000000001;23,126000000000001
2023-01-13 14:00:00;1184,8199999999999;1779,3309999999999;458,35399999999998;32,420999999999999
2023-01-13 15:00:00;1365,171;1640,9680000000001;477,04700000000003;34,418999999999997
2023-01-13 16:00:00;1580,8140000000001;1388,338;462,642;33,331000000000003
2023-01-13 17:00:00;1714,288;1013,453;458,91500000000002;32,953000000000003
2023-01-13 18:00:00;1642,1420000000001;403,08300000000003;437,90600000000001;34,798000000000002
2023-01-13 19:00:00;1548,6900000000001;29,131;380,44799999999998;33,055
2023-01-13 20:00:00;1444,684;0,60199999999999998;370,005;33,517000000000003
2023-01-13 21:00:00;1327,3340000000001;0;362,41000000000003;34,472999999999999
2023-01-13 22:00:00;1233,2460000000001;0;102,584;35,177
2023-01-13 23:00:00;1077,4079999999999;0;83,150000000000006;34,561
2023-01-14 00:00:00;1048,4190000000001;0;37,945;33,064
2023-01-14 01:00:00;832,95000000000005;0;37,939999999999998;16,106000000000002
2023-01-14 02:00:00;707,83299999999997;0;37,863999999999997;12,759
2023-01-14 03:00:00;777,73099999999999;0;37,875999999999998;29,722000000000001
2023-01-14 04:00:00;808,61699999999996;0;39,719000000000001;33,097999999999999
2023-01-14 05:00:00;784,12400000000002;3,6230000000000002;143,113;35,795999999999999
2023-01-14 06:00:00;708,23500000000001;252,56;272,18299999999999;35,746000000000002
2023-01-14 07:00:00;589,06799999999998;953,80999999999995;282,048;35,451000000000001
2023-01-14 08:00:00;589,90700000000004;1438,6289999999999;443,35000000000002;34,531999999999996
2023-01-14 09:00:00;603,06799999999998;1691,845;453,20400000000001;35,762
2023-01-14 10:00:00;563,21699999999998;1806,0930000000001;447,80099999999999;21,649000000000001
2023-01-14 11:00:00;575,24699999999996;1872,4259999999999;447,065;25,260999999999999
2023-01-14 12:00:00;693,21199999999999;1879,992;441,37400000000002;37,866999999999997
2023-01-14 13:00:00;807,93700000000001;1842,827;477,29500000000002;37,442
2023-01-14 14:00:00;896,68399999999997;1756,9949999999999;479,18599999999998;35,960999999999999
2023-01-14 15:00:00;1127,212;1628,127;477,84399999999999;35,884999999999998
2023-01-14 16:00:00;1445,4090000000001;1390,4100000000001;466,53899999999999;34,656999999999996
2023-01-14 17:00:00;1597,818;1021,332;456,70699999999999;34,936
2023-01-14 18:00:00;1517,0160000000001;420,25299999999999;443,10000000000002;23,82
2023-01-14 19:00:00;1378,4559999999999;29,298999999999999;385,166;21,001000000000001
2023-01-14 20:00:00;1359,5350000000001;0,78100000000000003;374,63099999999997;21,231999999999999
2023-01-14 21:00:00;1293,876;0;366,15199999999999;21,632999999999999
2023-01-14 22:00:00;1253,579;0;90,859999999999999;19,373000000000001
2023-01-14 23:00:00;1179,1479999999999;0;88,515000000000001;19,670999999999999
2023-01-15 00:00:00;1122,1369999999999;0;40,957999999999998;18,384
2023-01-15 01:00:00;1108,2190000000001;0;39,030000000000001;18,213000000000001
2023-01-15 02:00:00;1169,605;0;39,093000000000004;17,189
2023-01-15 03:00:00;965,99400000000003;0;39,039000000000001;15,785
2023-01-15 04:00:00;851,42899999999997;0;40,896999999999998;16,396000000000001
2023-01-15 05:00:00;822,26900000000001;2,8540000000000001;140,17699999999999;22,280000000000001
2023-01-15 06:00:00;881,32299999999998;234,85300000000001;225,23099999999999;22,541
2023-01-15 07:00:00;828;903,95299999999997;306,17700000000002;20,332000000000001
2023-01-15 08:00:00;936,70899999999995;1405,8489999999999;463,62200000000001;20,802
2023-01-15 09:00:00;1059,3340000000001;1672,097;493,47699999999998;19,859999999999999
2023-01-15 10:00:00;1125,854;1842,443;496,93599999999998;23,178999999999998
2023-01-15 11:00:00;1036,2470000000001;1907,9590000000001;492,61500000000001;26,414000000000001
2023-01-15 12:00:00;931,41399999999999;1871,1880000000001;490,40100000000001;24,244
2023-01-15 13:00:00;912,03099999999995;1882,0550000000001;486,87200000000001;26,338999999999999
2023-01-15 14:00:00;1096,3399999999999;1768,838;473,99799999999999;26,547999999999998
2023-01-15 15:00:00;1203,374;1638,3440000000001;475,92700000000002;25,463000000000001
2023-01-15 16:00:00;1429,769;1447,376;466,67899999999997;25,774000000000001
2023-01-15 17:00:00;1581,8689999999999;1025,616;463,60300000000001;24,963999999999999
2023-01-15 18:00:00;1728,0229999999999;397,53500000000003;435,83100000000002;25,068000000000001
2023-01-15 19:00:00;1960,1469999999999;22,719000000000001;372,89400000000001;26,209
2023-01-15 20:00:00;1975,55;0,45000000000000001;363,34399999999999;26,620000000000001
2023-01-15 21:00:00;1982,4169999999999;0;351,39499999999998;28,702999999999999
2023-01-15 22:00:00;1898,2049999999999;0;101,48699999999999;27,495000000000001
2023-01-15 23:00:00;1815,9159999999999;0;84,195999999999998;26,875
2023-01-16 00:00:00;1618,431;0;38,841999999999999;25,300000000000001
2023-01-16 01:00:00;1605,992;0;38,512;25,302
2023-01-16 02:00:00;1647,0119999999999;0;38,723999999999997;25,422000000000001
2023-01-16 03:00:00;1532,53;0;38,692;18,013999999999999
2023-01-16 04:00:00;1471,4659999999999;0;38,542000000000002;18,859000000000002
2023-01-16 05:00:00;1353,289;2,952;91,753;21,631
2023-01-16 06:00:00;1264,0650000000001;225,095;86,893000000000001;12,849
2023-01-16 07:00:00;1098,221;921,89400000000001;107,499;18,632999999999999
2023-01-16 08:00:00;1073,4380000000001;1424,0050000000001;258,94299999999998;16,329999999999998
2023-01-16 09:00:00;1247,954;1679,114;303,363;18,713999999999999
2023-01-16 10:00:00;1314,143;1868,297;342,09899999999999;23,472000000000001
2023-01-16 11:00:00;1299,768;1916,893;407,19999999999999;28,190000000000001
2023-01-16 12:00:00;1248,528;1892,201;426,31400000000002;31,045999999999999
2023-01-16 13:00:00;1277,068;1876,4449999999999;436,80000000000001;26,524000000000001
2023-01-16 14:00:00;1425,9110000000001;1761,027;464,25299999999999;28,646999999999998
2023-01-16 15:00:00;1557,4839999999999;1498,223;426,94099999999997;30,024999999999999
2023-01-16 16:00:00;1591,6859999999999;1309,1010000000001;458,58999999999997;26,183
2023-01-16 17:00:00;1639,6679999999999;887,50300000000004;415,56900000000002;27,771000000000001
2023-01-16 18:00:00;1722,249;330,58800000000002;348,49599999999998;27,242999999999999
2023-01-16 19:00:00;1906,117;19,951000000000001;337,11500000000001;27,988
2023-01-16 20:00:00;1888,52;0,59499999999999997;329,27999999999997;26,359999999999999
2023-01-16 21:00:00;1808,415;0;206,916;26,25
2023-01-16 22:00:00;1735,6569999999999;0;35,360999999999997;26,513000000000002
2023-01-16 23:00:00;1603,085;0;33,569000000000003;27,244
2023-01-17 00:00:00;1812,9169999999999;0;31,754000000000001;26,622
2023-01-17 01:00:00;1666,818;0;24,198;26,995999999999999
2023-01-17 02:00:00;1532,9559999999999;0;0;27,861999999999998
2023-01-17 03:00:00;1640,7550000000001;0;0;27,199999999999999
2023-01-17 04:00:00;1734,5129999999999;0;0,83899999999999997;26,84
2023-01-17 05:00:00;1735,0940000000001;2,2120000000000002;66,405000000000001;26,196000000000002
2023-01-17 06:00:00;1479,0799999999999;200,85900000000001;83,665999999999997;26,068999999999999
2023-01-17 07:00:00;1376,9659999999999;689,14700000000005;96,706000000000003;26,988
2023-01-17 08:00:00;1436,3720000000001;1230,1400000000001;194,22999999999999;28,843
2023-01-17 09:00:00;1421,1510000000001;1498,6079999999999;237,047;28,928000000000001
2023-01-17 10:00:00;1310,5160000000001;1676,8869999999999;266,608;29,545999999999999
2023-01-17 11:00:00;1171,01;1723,692;276,94600000000003;17,088999999999999
2023-01-17 12:00:00;1042,1120000000001;1708,7260000000001;261,38799999999998;12,818
2023-01-17 13:00:00;977,23199999999997;1639,538;235,66999999999999;13,42
2023-01-17 14:00:00;970,13900000000001;1421,854;192,178;11,981
2023-01-17 15:00:00;1150,299;1331,0640000000001;183,42400000000001;12,314
2023-01-17 16:00:00;1260,6500000000001;1258,6110000000001;178,053;12,675000000000001
2023-01-17 17:00:00;1404,0609999999999;811,13;185,71000000000001;11,894
2023-01-17 18:00:00;1426,992;306,00799999999998;169,685;17,172999999999998
2023-01-17 19:00:00;1314,4000000000001;16,861999999999998;118,22199999999999;26,562999999999999
2023-01-17 20:00:00;926,44799999999998;0,41099999999999998;109,036;34,406999999999996
2023-01-17 21:00:00;945,322;0;107,744;39,036999999999999
2023-01-17 22:00:00;1005,306;0;35,893999999999998;30,824999999999999
2023-01-17 23:00:00;975,23000000000002;0;34,820999999999998;30,132999999999999
2023-01-18 00:00:00;1249,759;0;8,8309999999999995;30,199999999999999
2023-01-18 01:00:00;1264,0419999999999;0;0;39,396000000000001
2023-01-18 02:00:00;1043,21;0;0;34,896999999999998
2023-01-18 03:00:00;1121,385;0;0;30,552
2023-01-18 04:00:00;950,68899999999996;0;0;34,750999999999998
2023-01-18 05:00:00;957,21600000000001;1,726;0;38,771999999999998
2023-01-18 06:00:00;1050,866;194,68100000000001;0;35,459000000000003
2023-01-18 07:00:00;747,02999999999997;856,92899999999997;31,193000000000001;33,039999999999999
2023-01-18 08:00:00;823,56799999999998;1287,394;215,23400000000001;35,530000000000001
2023-01-18 09:00:00;999,45799999999997;1586,3009999999999;319,221;37,009999999999998
2023-01-18 10:00:00;1280,058;1716,1969999999999;353,00700000000001;36,353000000000002
2023-01-18 11:00:00;1494,8499999999999;1673,8109999999999;335,98000000000002;33,981999999999999
2023-01-18 12:00:00;1253,085;1596,8040000000001;261,00599999999997;34,319000000000003
2023-01-18 13:00:00;974,39700000000005;1488,809;214,09;35,210000000000001
2023-01-18 14:00:00;1072,8150000000001;1392,8340000000001;224,643;35,201000000000001
2023-01-18 15:00:00;1251,3620000000001;1076,8409999999999;136,995;35,991
2023-01-18 16:00:00;1331,49;776,32000000000005;191,965;31,036999999999999
2023-01-18 17:00:00;1738,633;460,77300000000002;270,947;37,637
2023-01-18 18:00:00;1573,9290000000001;187,785;303,149;38,854999999999997
2023-01-18 19:00:00;1254,8779999999999;9,3079999999999998;304,74200000000002;36,896999999999998
2023-01-18 20:00:00;1309,5530000000001;0,002;198,26499999999999;34,689
2023-01-18 21:00:00;1499,585;0;111,78400000000001;35,152000000000001
2023-01-18 22:00:00;892,61099999999999;0;0,77700000000000002;37,396000000000001
2023-01-18 23:00:00;653,79100000000005;0;0;37,328000000000003
2023-01-19 00:00:00;649,64300000000003;0;0;37,695
2023-01-19 01:00:00;946,79600000000005;0;0;20,305
2023-01-19 02:00:00;1199,4490000000001;0;0;27,538
2023-01-19 03:00:00;1211,038;0;0;35,273000000000003
2023-01-19 04:00:00;1274,5070000000001;0;0;27,623999999999999
2023-01-19 05:00:00;1248,2170000000001;1,895;0;35,104999999999997
2023-01-19 06:00:00;1268,1279999999999;127,35899999999999;0;38,220999999999997
2023-01-19 07:00:00;938,27700000000004;602,15999999999997;11,629;37,267000000000003
2023-01-19 08:00:00;680,327;999,71699999999998;83,885999999999996;38,451000000000001
2023-01-19 09:00:00;745,87099999999998;1270,682;143,87700000000001;39,235999999999997
2023-01-19 10:00:00;780,70500000000004;1474,789;241,19;40,042999999999999
2023-01-19 11:00:00;954,18299999999999;1618,6089999999999;278,69999999999999;34,240000000000002
2023-01-19 12:00:00;1194,4079999999999;1710,0550000000001;269,95600000000002;25,137
2023-01-19 13:00:00;1393,556;1675,999;287,916;31,013999999999999
2023-01-19 14:00:00;1510,6400000000001;1536,3520000000001;317,46899999999999;22,677
2023-01-19 15:00:00;1680,771;1454,155;335,80099999999999;37,017000000000003
2023-01-19 16:00:00;1982,0329999999999;1165,9770000000001;349,5;34,167999999999999
2023-01-19 17:00:00;2280,5529999999999;774,73500000000001;361,99200000000002;39,396000000000001
2023-01-19 18:00:00;2187,893;322,327;371,43700000000001;39,408000000000001
2023-01-19 19:00:00;1861,146;25,34;291,89499999999998;40,792999999999999
2023-01-19 20:00:00;1426,6089999999999;0,26800000000000002;282,68400000000003;39,542000000000002
2023-01-19 21:00:00;1104,576;0;247,39500000000001;39,878999999999998
2023-01-19 22:00:00;803,19299999999998;0;91,846999999999994;37,549999999999997
2023-01-19 23:00:00;664,77599999999995;0;60,945999999999998;36,279000000000003
2023-01-20 00:00:00;603,09000000000003;0;36,235999999999997;37,533000000000001
2023-01-20 01:00:00;616,51999999999998;0;35,883000000000003;36,210000000000001
2023-01-20 02:00:00;565,91899999999998;0;26,5;36,018999999999998
2023-01-20 03:00:00;365,197;0;4,0000000000000001E-3;34,796999999999997
2023-01-20 04:00:00;247,161;0;0,01;36,262
2023-01-20 05:00:00;207,47900000000001;1,3580000000000001;0;35,944000000000003
2023-01-20 06:00:00;169,72300000000001;158,86799999999999;22,032;37,444000000000003
2023-01-20 07:00:00;109,15000000000001;748,55799999999999;91,234999999999999;38,204999999999998
2023-01-20 08:00:00;94,027000000000001;1196,8209999999999;259,14999999999998;39,618000000000002
2023-01-20 09:00:00;166,178;1474,6289999999999;305,74099999999999;39,991999999999997
2023-01-20 10:00:00;242,78;1616,9079999999999;342,07400000000001;39,719000000000001
2023-01-20 11:00:00;329,29300000000001;1681,163;379,61000000000001;40,069000000000003
2023-01-20 12:00:00;428,01900000000001;1562,338;282,21699999999998;38,957000000000001
2023-01-20 13:00:00;629,05499999999995;1527,162;229,29499999999999;39,909999999999997
2023-01-20 14:00:00;875,36500000000001;1400,9449999999999;227,006;33,716000000000001
2023-01-20 15:00:00;1174,521;1308,2929999999999;242,46100000000001;36,014000000000003
2023-01-20 16:00:00;1535,307;1065,7349999999999;210,77600000000001;38,482999999999997
2023-01-20 17:00:00;1831,7950000000001;579,63300000000004;369,44999999999999;36,264000000000003
2023-01-20 18:00:00;2082,3099999999999;226,06700000000001;383,08300000000003;35,497
2023-01-20 19:00:00;1923,5650000000001;29,303000000000001;294,38099999999997;37,082000000000001
2023-01-20 20:00:00;1541,7860000000001;2,464;274,72399999999999;39,558
2023-01-20 21:00:00;907,10500000000002;0;133,88399999999999;42,325000000000003
2023-01-20 22:00:00;646,02099999999996;0;55,646000000000001;42,094000000000001
2023-01-20 23:00:00;644,32899999999995;0;41,229999999999997;39,869999999999997
2023-01-21 00:00:00;715,89200000000005;0;0;38,012999999999998
2023-01-21 01:00:00;653,22400000000005;0;0;31,582000000000001
2023-01-21 02:00:00;462,49299999999999;0;0;37,329000000000001
2023-01-21 03:00:00;386,95800000000003;0;0;38,591999999999999
2023-01-21 04:00:00;337,99900000000002;0;0;40,093000000000004
2023-01-21 05:00:00;395,62900000000002;0,98099999999999998;0;39,909999999999997
2023-01-21 06:00:00;457,464;133,96700000000001;0;38,298999999999999
2023-01-21 07:00:00;408,86500000000001;573,89599999999996;8,6210000000000004;38,021000000000001
2023-01-21 08:00:00;440,55099999999999;1002,841;74,372;39,595999999999997
2023-01-21 09:00:00;544,92499999999995;1389,05;108,538;39,613999999999997
2023-01-21 10:00:00;626,60400000000004;1596,7280000000001;108,79300000000001;39,023000000000003
2023-01-21 11:00:00;568,92999999999995;1705,95;104;40,121000000000002
2023-01-21 12:00:00;598,18499999999995;1790,1600000000001;112,09999999999999;41,258000000000003
2023-01-21 13:00:00;712,29399999999998;1679,1420000000001;150,61699999999999;38,816000000000003
2023-01-21 14:00:00;1040,9079999999999;1430,3389999999999;183,84700000000001;26,559999999999999
2023-01-21 15:00:00;1166,7539999999999;1226,759;213,208;24,082999999999998
2023-01-21 16:00:00;1417,828;1142,8389999999999;195,351;40,240000000000002
2023-01-21 17:00:00;1633,0309999999999;651,75999999999999;322,99200000000002;40,893999999999998
2023-01-21 18:00:00;1699,865;212,893;274,43000000000001;40,393999999999998
2023-01-21 19:00:00;1620,77;18,777999999999999;239,08199999999999;38,505000000000003
2023-01-21 20:00:00;1530,8779999999999;0,182;206,709;39,509
2023-01-21 21:00:00;1206,924;0;110,017;40,939999999999998
2023-01-21 22:00:00;1340,796;0;0;40,939999999999998
2023-01-21 23:00:00;1503,394;0;0;40,383000000000003
2023-01-22 00:00:00;1291,0029999999999;0;0;39,530999999999999
2023-01-22 01:00:00;872,86000000000001;0;0;38,463999999999999
2023-01-22 02:00:00;901,44600000000003;0;0;38,084000000000003
2023-01-22 03:00:00;871,26099999999997;0;0;38,338000000000001
2023-01-22 04:00:00;863,99599999999998;0;0;37,774000000000001
2023-01-22 05:00:00;1063,259;0,69299999999999995;0;36,374000000000002
2023-01-22 06:00:00;1063,066;123,298;0;36,276000000000003
2023-01-22 07:00:00;986,69500000000005;664,86199999999997;0;37,320999999999998
2023-01-22 08:00:00;1039,575;1152,0799999999999;49,688000000000002;37,552
2023-01-22 09:00:00;1145,952;1502,1130000000001;64,644000000000005;39,777999999999999
2023-01-22 10:00:00;1049,914;1817,846;115,374;40,450000000000003
2023-01-22 11:00:00;858,23599999999999;1914,182;161,06200000000001;39,640999999999998
2023-01-22 12:00:00;751,98099999999999;1843,01;185,97399999999999;37,305
2023-01-22 13:00:00;750,33900000000006;1670,712;218,114;35,551000000000002
2023-01-22 14:00:00;1001,48;1453,4449999999999;242,13999999999999;38,752000000000002
2023-01-22 15:00:00;1203,7049999999999;1316,7550000000001;211,471;40,490000000000002
2023-01-22 16:00:00;1267,086;1040,759;333,08100000000002;41,017000000000003
2023-01-22 17:00:00;1296,2670000000001;755,947;424,209;36,423000000000002
2023-01-22 18:00:00;1264,4659999999999;338,91500000000002;399,505;16,925000000000001
2023-01-22 19:00:00;1405,558;27,268999999999998;351,00900000000001;17,184000000000001
2023-01-22 20:00:00;1758,25;0,63800000000000001;325,33800000000002;22,635000000000002
2023-01-22 21:00:00;1816,905;0;292,34199999999998;36,844999999999999
2023-01-22 22:00:00;1787,4169999999999;0;1,992;40,061999999999998
2023-01-22 23:00:00;1447,6610000000001;0;0;40,853000000000002
2023-01-23 00:00:00;1222,0319999999999;0;0;41,950000000000003
2023-01-23 01:00:00;984,09699999999998;0;0;41,776000000000003
2023-01-23 02:00:00;829,23099999999999;0;0;40,979999999999997
2023-01-23 03:00:00;705,25300000000004;0;0;41,098999999999997
2023-01-23 04:00:00;609,322;0;0;40,365000000000002
2023-01-23 05:00:00;631,5;1,0149999999999999;0;42,369
2023-01-23 06:00:00;709,20299999999997;151,11600000000001;0;42,456000000000003
2023-01-23 07:00:00;708,97799999999995;708,36900000000003;2,1749999999999998;43,558
2023-01-23 08:00:00;853,51700000000005;1167,0999999999999;32,058999999999997;42,890999999999998
2023-01-23 09:00:00;1128,798;1526,0820000000001;90,123999999999995;42,881999999999998
2023-01-23 10:00:00;1311,6510000000001;1665,646;166,24799999999999;41,161000000000001
2023-01-23 11:00:00;1552,4010000000001;1733,7950000000001;179,45500000000001;41,597999999999999
2023-01-23 12:00:00;1744,7090000000001;1866,8130000000001;185,56100000000001;40,552999999999997
2023-01-23 13:00:00;1715,6559999999999;1882,1320000000001;139,69900000000001;40,274999999999999
2023-01-23 14:00:00;1755,9290000000001;1714,3150000000001;124,086;36,750999999999998
2023-01-23 15:00:00;1974,748;1520,0940000000001;183,16900000000001;39,539999999999999
2023-01-23 16:00:00;1850,25;1339,865;309,71800000000002;41,767000000000003
2023-01-23 17:00:00;1783,8409999999999;862,83500000000004;404,017;43,192999999999998
2023-01-23 18:00:00;1560,0250000000001;207,096;400,36399999999998;41,878999999999998
2023-01-23 19:00:00;1456,1679999999999;16,600999999999999;351,863;38,164999999999999
2023-01-23 20:00:00;1347,9860000000001;0,53000000000000003;335,84300000000002;34,636000000000003
2023-01-23 21:00:00;1376,2070000000001;0;307,267;31,332999999999998
2023-01-23 22:00:00;1426,0940000000001;0;86,125;33,884999999999998
2023-01-23 23:00:00;1341,941;0;36,259;36,939999999999998
2023-01-24 00:00:00;1588,1510000000001;0;35,241;37,518999999999998
2023-01-24 01:00:00;1910,52;0;22,963999999999999;36,659999999999997
2023-01-24 02:00:00;1804,3489999999999;0;0;35,683999999999997
2023-01-24 03:00:00;1719,405;0;0;34,048000000000002
2023-01-24 04:00:00;1705,213;0;0;35,496000000000002
2023-01-24 05:00:00;1837,9670000000001;0,79700000000000004;0;36,32
2023-01-24 06:00:00;1915,173;116,961;0;36,609999999999999
2023-01-24 07:00:00;2008,2670000000001;472,89800000000002;0;39,183999999999997
2023-01-24 08:00:00;1984,7249999999999;844,44899999999996;0;38,334000000000003
2023-01-24 09:00:00;1934,4680000000001;1084,8489999999999;3,0299999999999998;38,969999999999999
2023-01-24 10:00:00;2149,7359999999999;1231,135;48,534999999999997;39,250999999999998
2023-01-24 11:00:00;2195,3470000000002;1366,1980000000001;99,364000000000004;38,210999999999999
2023-01-24 12:00:00;2134,6509999999998;1370,297;99,787999999999997;39,332000000000001
2023-01-24 13:00:00;2037,319;1418,213;117,405;39,941000000000003
2023-01-24 14:00:00;1883,9780000000001;1360,914;166,762;34,969000000000001
2023-01-24 15:00:00;2029,8789999999999;1230,6690000000001;211,59200000000001;38,204000000000001
2023-01-24 16:00:00;1952,519;1041,489;362,85899999999998;40,286000000000001
2023-01-24 17:00:00;1961,2860000000001;824,28899999999999;419,07799999999997;39,820999999999998
2023-01-24 18:00:00;1887,8630000000001;372,798;416,55900000000003;40,097999999999999
2023-01-24 19:00:00;1894,252;27,196000000000002;358,81400000000002;40,311999999999998
2023-01-24 20:00:00;1904,154;0,497;311,71800000000002;40,585999999999999
2023-01-24 21:00:00;2005,558;0;220,78800000000001;38,765000000000001
2023-01-24 22:00:00;1831,144;0;72,385000000000005;36,344999999999999
2023-01-24 23:00:00;1700,941;0;45,351999999999997;32,061
2023-01-25 00:00:00;1540,095;0;1,7000000000000001E-2;30,625
2023-01-25 01:00:00;1412,981;0;0;39,091000000000001
2023-01-25 02:00:00;1288,8330000000001;0;0;37,659999999999997
2023-01-25 03:00:00;1284,5360000000001;0;0;33,554000000000002
2023-01-25 04:00:00;1303,002;0;0;35,119999999999997
2023-01-25 05:00:00;1371,752;0,82599999999999996;0;31,651
2023-01-25 06:00:00;1351,2639999999999;162,096;0;35,395000000000003
2023-01-25 07:00:00;1192,2829999999999;800,83000000000004;31,013000000000002;32,918999999999997
2023-01-25 08:00:00;1145,2670000000001;1266,3330000000001;232,05099999999999;31,623000000000001
2023-01-25 09:00:00;982,84100000000001;1506,204;295,774;36,552
2023-01-25 10:00:00;853,43399999999997;1599,0229999999999;371,30599999999998;39,667999999999999
2023-01-25 11:00:00;771,15300000000002;1673,4690000000001;401,61200000000002;37,728000000000002
2023-01-25 12:00:00;732,70600000000002;1639,837;393,38099999999997;40,851999999999997
2023-01-25 13:00:00;767,00699999999995;1533,886;363,83300000000003;38,981000000000002
2023-01-25 14:00:00;839,322;1386,5340000000001;349,51499999999999;34,930999999999997
2023-01-25 15:00:00;942,12;1169,2919999999999;389,68599999999998;38,052999999999997
2023-01-25 16:00:00;1035,865;982,25599999999997;393,47500000000002;38,031999999999996
2023-01-25 17:00:00;1122,0930000000001;693,99199999999996;420,94299999999998;39,006
2023-01-25 18:00:00;1323,1980000000001;335,07499999999999;428,38099999999997;38,904000000000003
2023-01-25 19:00:00;1668,8789999999999;26,884;379,036;33,850999999999999
2023-01-25 20:00:00;1888,9880000000001;0,53900000000000003;370,77499999999998;32,850999999999999
2023-01-25 21:00:00;1800,384;0;280,46699999999998;39,076000000000001
2023-01-25 22:00:00;1572,9829999999999;0;97,775999999999996;37,976999999999997
2023-01-25 23:00:00;1391,0170000000001;0;86,338999999999999;31,204999999999998
2023-01-26 00:00:00;1242,4970000000001;0;41,273000000000003;28,940000000000001
2023-01-26 01:00:00;1175,597;0;41,264000000000003;28,725999999999999
2023-01-26 02:00:00;1138,4110000000001;0;41,256999999999998;29,585000000000001
2023-01-26 03:00:00;1077,0360000000001;0;41,173999999999999;17,652999999999999
2023-01-26 04:00:00;1006,468;0;40,944000000000003;16,335999999999999
2023-01-26 05:00:00;983,32399999999996;0,71699999999999997;2,6120000000000001;16,472000000000001
2023-01-26 06:00:00;989,53599999999994;162,17599999999999;0,38400000000000001;17,032
2023-01-26 07:00:00;879,80799999999999;834,23099999999999;90,156000000000006;14,159000000000001
2023-01-26 08:00:00;746,81799999999998;1359,847;288,37099999999998;12,366
2023-01-26 09:00:00;690,62900000000002;1692,385;360,08600000000001;15,029999999999999
2023-01-26 10:00:00;646,87;1846,646;332,81999999999999;15,651
2023-01-26 11:00:00;460,73000000000002;1897,921;324,41000000000003;15,621
2023-01-26 12:00:00;426,27600000000001;1826,605;336,15499999999997;15,686999999999999
2023-01-26 13:00:00;482,59199999999998;1679,4480000000001;291,87099999999998;16,120999999999999
2023-01-26 14:00:00;687,14800000000002;1499,6420000000001;304,09899999999999;20,177
2023-01-26 15:00:00;891,15999999999997;1250,9100000000001;298,12900000000002;33,850999999999999
2023-01-26 16:00:00;993,84799999999996;1111,8869999999999;322,25099999999998;37,387999999999998
2023-01-26 17:00:00;1211,4169999999999;774,26300000000003;342,44499999999999;35,332000000000001
2023-01-26 18:00:00;1224,921;328,99400000000003;317,91500000000002;38,908000000000001
2023-01-26 19:00:00;1143,22;25,567;300,04199999999997;38,414000000000001
2023-01-26 20:00:00;1294,8620000000001;0,53000000000000003;291,38799999999998;40,747999999999998
2023-01-26 21:00:00;1212,0039999999999;0;261,56799999999998;42,426000000000002
2023-01-26 22:00:00;1184,011;0;95,620000000000005;42,503
2023-01-26 23:00:00;1128,6579999999999;0;82,572000000000003;43,151000000000003
2023-01-27 00:00:00;1058,23;0;39,369999999999997;42,177
2023-01-27 01:00:00;1099,068;0;39,209000000000003;41,515999999999998
2023-01-27 02:00:00;1139,251;0;38,414999999999999;41,277000000000001
2023-01-27 03:00:00;1104,8050000000001;0;1,167;41,311999999999998
2023-01-27 04:00:00;933,58299999999997;0;0;37,805
2023-01-27 05:00:00;907,19500000000005;1,0089999999999999;0;41,649999999999999
2023-01-27 06:00:00;827,40899999999999;173;0;42,256999999999998
2023-01-27 07:00:00;526,12199999999996;842,12;61,374000000000002;42,472000000000001
2023-01-27 08:00:00;388,45600000000002;1420,383;313,09899999999999;42,695999999999998
2023-01-27 09:00:00;380,02199999999999;1726,1980000000001;346,15800000000002;42,671999999999997
2023-01-27 10:00:00;427,90199999999999;1904,8869999999999;337,38900000000001;37,387999999999998
2023-01-27 11:00:00;620,60699999999997;1984,779;340,74200000000002;41,604999999999997
2023-01-27 12:00:00;705,73800000000006;2003,6949999999999;338,286;42,371000000000002
2023-01-27 13:00:00;788,72199999999998;1865,077;333,93900000000002;42,520000000000003
2023-01-27 14:00:00;898,97299999999996;1710,7190000000001;281,35700000000003;41,734999999999999
2023-01-27 15:00:00;1008,627;1476,0799999999999;195,678;37,915999999999997
2023-01-27 16:00:00;1143,6279999999999;1264,106;261,375;37,255000000000003
2023-01-27 17:00:00;1390,915;857,26300000000003;284,04599999999999;37,415999999999997
2023-01-27 18:00:00;1671,395;281,80500000000001;278,18599999999998;37,445
2023-01-27 19:00:00;1738,1300000000001;22,469000000000001;276,37200000000001;38,279000000000003
2023-01-27 20:00:00;1338,692;0,83899999999999997;201,60400000000001;38,054000000000002
2023-01-27 21:00:00;1222,2170000000001;0;43,545000000000002;40,886000000000003
2023-01-27 22:00:00;987,89800000000002;0;38,938000000000002;40,762999999999998
2023-01-27 23:00:00;990,07100000000003;0;38,908999999999999;40,347000000000001
2023-01-28 00:00:00;943,02200000000005;0;38,780999999999999;40,570999999999998
2023-01-28 01:00:00;865,75900000000001;0;38,792999999999999;40,241
2023-01-28 02:00:00;539,43100000000004;0;38,624000000000002;41,063000000000002
2023-01-28 03:00:00;415,17200000000003;0;9,6210000000000004;33,527999999999999
2023-01-28 04:00:00;390,64600000000002;0;0;16,353999999999999
2023-01-28 05:00:00;438,87700000000001;0,72799999999999998;0;16,613
2023-01-28 06:00:00;547,89599999999996;140,70400000000001;0;31,538
2023-01-28 07:00:00;627,78800000000001;785,46500000000003;0,02;40,649999999999999
2023-01-28 08:00:00;713,17600000000004;1334,299;104,041;41,347999999999999
2023-01-28 09:00:00;934,45100000000002;1507,1489999999999;209,524;39,225000000000001
2023-01-28 10:00:00;1176,4739999999999;1609,673;212,74700000000001;40,198
2023-01-28 11:00:00;1475,7570000000001;1738,1089999999999;213,63300000000001;40,628999999999998
2023-01-28 12:00:00;1820,0799999999999;1698,4000000000001;240,98599999999999;40,576999999999998
2023-01-28 13:00:00;2043,6420000000001;1548,317;248,405;40,652000000000001
2023-01-28 14:00:00;2002,768;1515,473;326,31799999999998;40,347999999999999
2023-01-28 15:00:00;2214,3000000000002;1481,317;348,68799999999999;40,279000000000003
2023-01-28 16:00:00;2595,7550000000001;1282,7860000000001;358,86000000000001;41,415999999999997
2023-01-28 17:00:00;2783,384;865,76599999999996;371,82100000000003;37,892000000000003
2023-01-28 18:00:00;2813,3820000000001;339,76600000000002;341,86799999999999;37,344000000000001
2023-01-28 19:00:00;2709,6750000000002;22,707000000000001;291,66899999999998;36,210999999999999
2023-01-28 20:00:00;2647,8690000000001;0,439;265,11500000000001;34,552999999999997
2023-01-28 21:00:00;2506,221;0;168,20599999999999;33,347999999999999
2023-01-28 22:00:00;2335,7399999999998;0;92,222999999999999;35,841000000000001
2023-01-28 23:00:00;2226,817;0;47,448;39,066000000000003
2023-01-29 00:00:00;2334,1930000000002;0;0;38,377000000000002
2023-01-29 01:00:00;2140,9580000000001;0;0;39,167000000000002
2023-01-29 02:00:00;2013,885;0;0;40,450000000000003
2023-01-29 03:00:00;1940,7560000000001;0;0;40,081000000000003
2023-01-29 04:00:00;1855,385;0;0;40,226999999999997
2023-01-29 05:00:00;1783,8140000000001;0,48899999999999999;0;40,616999999999997
2023-01-29 06:00:00;1685,9760000000001;164,35300000000001;2,169;38,795999999999999
2023-01-29 07:00:00;1720,4659999999999;864,149;97,691000000000003;40,988
2023-01-29 08:00:00;1684,575;1455,0999999999999;306,28100000000001;38,863999999999997
2023-01-29 09:00:00;1622,482;1736,547;396,25099999999998;38,920999999999999
2023-01-29 10:00:00;1480,018;1875,6099999999999;400,68400000000003;40,383000000000003
2023-01-29 11:00:00;1272,8030000000001;1935,1189999999999;400,62799999999999;39,969000000000001
2023-01-29 12:00:00;1332,393;1946,6949999999999;399,14699999999999;40,688000000000002
2023-01-29 13:00:00;1382,508;1838,3910000000001;396,67000000000002;42,222000000000001
2023-01-29 14:00:00;1424,1769999999999;1674,373;396,36500000000001;42,030000000000001
2023-01-29 15:00:00;1542,3420000000001;1554,913;375,57799999999997;33,308999999999997
2023-01-29 16:00:00;1718,518;1361,4110000000001;380,80099999999999;36,768000000000001
2023-01-29 17:00:00;1995,1600000000001;988,48500000000001;350,25999999999999;35,377000000000002
2023-01-29 18:00:00;2187,3829999999998;404,84899999999999;336,09399999999999;37,963000000000001
2023-01-29 19:00:00;2344,7040000000002;22,681999999999999;307,28500000000003;38,313000000000002
2023-01-29 20:00:00;2433,6869999999999;0,42599999999999999;297,33999999999997;39,703000000000003
2023-01-29 21:00:00;2456,1410000000001;0;257,93799999999999;41,868000000000002
2023-01-29 22:00:00;2304,2710000000002;0;93,319000000000003;40,527999999999999
2023-01-29 23:00:00;2059,3800000000001;0;75,171999999999997;40,536000000000001
2023-01-30 00:00:00;1842,3489999999999;0;19,879999999999999;40,353999999999999
2023-01-30 01:00:00;1715,961;0;20,045999999999999;40,637
2023-01-30 02:00:00;1693,5039999999999;0;36,018999999999998;38,597000000000001
2023-01-30 03:00:00;1603,99;0;36,374000000000002;39,240000000000002
2023-01-30 04:00:00;1513,921;0;36,369;39,594999999999999
2023-01-30 05:00:00;1469,29;0,155;36,033000000000001;40,055
2023-01-30 06:00:00;1440,1179999999999;134,102;70,316000000000003;41,18
2023-01-30 07:00:00;1307,509;737,76700000000005;199,76300000000001;41,630000000000003
2023-01-30 08:00:00;1348,681;1238,097;357,928;35,726999999999997
2023-01-30 09:00:00;1226,338;1497,0799999999999;383,76100000000002;38,286999999999999
2023-01-30 10:00:00;1068,2159999999999;1689,9069999999999;383,88900000000001;41,223999999999997
2023-01-30 11:00:00;1000,731;1714,8209999999999;400,05599999999998;42,034999999999997
2023-01-30 12:00:00;1050,6510000000001;1774,8399999999999;387,714;41,594999999999999
2023-01-30 13:00:00;1197,912;1559,1669999999999;351,92399999999998;38,390999999999998
2023-01-30 14:00:00;1405,1389999999999;1323,8910000000001;364,75;37,384
2023-01-30 15:00:00;1685,681;1250,7170000000001;358,26900000000001;39,719000000000001
2023-01-30 16:00:00;2005,9449999999999;1074,8340000000001;342,57999999999998;39,912999999999997
2023-01-30 17:00:00;2304,1559999999999;978,46100000000001;347,673;37,792000000000002
2023-01-30 18:00:00;2491,4749999999999;388,60700000000003;336,95699999999999;41,585000000000001
2023-01-30 19:00:00;2677,8800000000001;22,725999999999999;300,81999999999999;41,100000000000001
2023-01-30 20:00:00;2484,8560000000002;0,434;294,92700000000002;39,982999999999997
2023-01-30 21:00:00;2339,538;0;256,84500000000003;41,606999999999999
2023-01-30 22:00:00;2072,3299999999999;0;95,491;41,511000000000003
2023-01-30 23:00:00;1715,241;0;78,399000000000001;41,369999999999997
2023-01-31 00:00:00;1584,7260000000001;0;37,973999999999997;36,759
2023-01-31 01:00:00;1656,5239999999999;0;37,945;38,762
2023-01-31 02:00:00;1563,624;0;37,701999999999998;39,298000000000002
2023-01-31 03:00:00;1351,271;0;37,421999999999997;29,745999999999999
2023-01-31 04:00:00;1139,9259999999999;0;36,348999999999997;11,177
2023-01-31 05:00:00;1028,4970000000001;0,30399999999999999;34,948999999999998;11,531000000000001
2023-01-31 06:00:00;856,00400000000002;112,09099999999999;32,673000000000002;12,35
2023-01-31 07:00:00;735,86900000000003;674,96400000000006;115,384;24,030000000000001
2023-01-31 08:00:00;759,74599999999998;1220,6579999999999;235,60900000000001;34,548000000000002
2023-01-31 09:00:00;759,24699999999996;1501,779;317,21800000000002;32,033999999999999
2023-01-31 10:00:00;724,36300000000006;1664,538;352,33800000000002;34,968000000000004
2023-01-31 11:00:00;667,10199999999998;1781,1489999999999;350,25900000000001;37,468000000000004
2023-01-31 12:00:00;708,13400000000001;1834,3320000000001;344,06099999999998;39,892000000000003
2023-01-31 13:00:00;822,84299999999996;1797,194;325,68900000000002;24,068000000000001
2023-01-31 14:00:00;977,49199999999996;1635,298;311,57600000000002;30,096
2023-01-31 15:00:00;1183,335;1447,605;278,15899999999999;40,262
2023-01-31 16:00:00;1503,7329999999999;1098,3040000000001;277,58999999999997;40,261000000000003
2023-01-31 17:00:00;1567,421;630,49699999999996;325,81200000000001;40,131
2023-01-31 18:00:00;1666,6780000000001;268,79500000000002;322,11799999999999;39,843000000000004
2023-01-31 19:00:00;1916,6220000000001;25,248999999999999;301,43099999999998;39,518999999999998
2023-01-31 20:00:00;2044,47;0,876;275,86900000000003;32,774999999999999
2023-01-31 21:00:00;1754,1669999999999;0;172,15299999999999;40,904000000000003
2023-01-31 22:00:00;1362,0999999999999;0;94,807000000000002;39,957000000000001
2023-01-31 23:00:00;1241,117;0;70,194000000000003;40,087000000000003
2023-02-01 00:00:00;1286,962;0;0,13600000000000001;37,567999999999998
2023-02-01 01:00:00;1394,1880000000001;0;0;38,298999999999999
2023-02-01 02:00:00;1334,979;0;0;37,826999999999998
2023-02-01 03:00:00;1115,7460000000001;0;0;37,789999999999999
2023-02-01 04:00:00;987,226;0;0;38,384
2023-02-01 05:00:00;1064,95;0,039;0;31,643999999999998
2023-02-01 06:00:00;1058,691;125,652;0;34,021000000000001
2023-02-01 07:00:00;1102,105;683,53899999999999;8,8919999999999995;37,741
2023-02-01 08:00:00;1229,3979999999999;1105,3789999999999;74,272000000000006;40,012999999999998
2023-02-01 09:00:00;1266,463;1287,5730000000001;98,254999999999995;38,036000000000001
2023-02-01 10:00:00;1201,3219999999999;1414,703;120,751;40,002000000000002
2023-02-01 11:00:00;1012,735;1435,951;139,93600000000001;38,695
2023-02-01 12:00:00;963,79700000000003;1363,7639999999999;158,10499999999999;34
2023-02-01 13:00:00;1084,931;1400,5550000000001;193,93199999999999;30,754999999999999
2023-02-01 14:00:00;1293,854;1259,3240000000001;195,08500000000001;37,290999999999997
2023-02-01 15:00:00;1754,3689999999999;1125,3320000000001;148,31800000000001;38,098999999999997
2023-02-01 16:00:00;1978,4200000000001;1043,3989999999999;165,02199999999999;39,912999999999997
2023-02-01 17:00:00;1851,645;789,19600000000003;224,61000000000001;38,911999999999999
2023-02-01 18:00:00;1871,7339999999999;315,161;216,92599999999999;38,551000000000002
2023-02-01 19:00:00;1738,702;10,173;209,84800000000001;38,819000000000003
2023-02-01 20:00:00;1698,905;0;215,167;32,933
2023-02-01 21:00:00;1646,425;0;203,119;24,5
2023-02-01 22:00:00;1498,204;0;35,822000000000003;31,501000000000001
2023-02-01 23:00:00;1351,9100000000001;0;35,832000000000001;38,555
2023-02-02 00:00:00;1062,021;0;35,786000000000001;44,587000000000003
2023-02-02 01:00:00;1011,043;0;35,770000000000003;44,503
2023-02-02 02:00:00;845,86000000000001;0;35,866;44,284999999999997
2023-02-02 03:00:00;730,96699999999998;0;35,823;43,841000000000001
2023-02-02 04:00:00;748,60699999999997;0;35,752000000000002;44,305
2023-02-02 05:00:00;720,98900000000003;0,16400000000000001;35,018999999999998;43,564
2023-02-02 06:00:00;644,59199999999998;130,78200000000001;71,552999999999997;43,106999999999999
2023-02-02 07:00:00;449,92000000000002;729,71600000000001;97,974000000000004;38,930999999999997
2023-02-02 08:00:00;313,54000000000002;1196,615;218,61099999999999;30,376000000000001
2023-02-02 09:00:00;317,38400000000001;1487,9780000000001;226,85599999999999;20,006
2023-02-02 10:00:00;336,29300000000001;1645,713;329,50700000000001;20,007000000000001
2023-02-02 11:00:00;382,88299999999998;1689,057;326,39499999999998;20,027999999999999
2023-02-02 12:00:00;481,286;1623,644;333,14600000000002;20,024000000000001
2023-02-02 13:00:00;588,18200000000002;1624,4179999999999;322,28899999999999;19,629999999999999
2023-02-02 14:00:00;688,09500000000003;1477,4259999999999;321,06599999999997;16,553999999999998
2023-02-02 15:00:00;872,13699999999994;1338,597;338,90100000000001;36,171999999999997
2023-02-02 16:00:00;1122,809;1057,0170000000001;343,83199999999999;43,375
2023-02-02 17:00:00;1275,4659999999999;726,95100000000002;344,76600000000002;44,25
2023-02-02 18:00:00;1312,925;277,46199999999999;329,51900000000001;43,691000000000003
2023-02-02 19:00:00;1459,347;10,122999999999999;313,416;41,176000000000002
2023-02-02 20:00:00;1321,5;0;318,21600000000001;42,073999999999998
2023-02-02 21:00:00;1000,447;0;311,84399999999999;43,43
2023-02-02 22:00:00;995,31700000000001;0;90,605000000000004;43,359000000000002
2023-02-02 23:00:00;1090,9649999999999;0;37,563000000000002;43,325000000000003
2023-02-03 00:00:00;1043,665;0;37,698999999999998;43,597000000000001
2023-02-03 01:00:00;1028,393;0;37,258000000000003;42,975000000000001
2023-02-03 02:00:00;1029,057;0;35,014000000000003;42,628999999999998
2023-02-03 03:00:00;991,59100000000001;0;33,569000000000003;42,155999999999999
2023-02-03 04:00:00;921,42100000000005;0;33,716999999999999;42,018999999999998
2023-02-03 05:00:00;816,06200000000001;6,8000000000000005E-2;50,008000000000003;42,195
2023-02-03 06:00:00;744,11199999999997;127,334;101,56;36,064999999999998
2023-02-03 07:00:00;533,28200000000004;756,26800000000003;157,32499999999999;36,478999999999999
2023-02-03 08:00:00;434,13900000000001;1271,175;425,58600000000001;36,768000000000001
2023-02-03 09:00:00;342,53399999999999;1555,143;475,37400000000002;38,991999999999997
2023-02-03 10:00:00;300,185;1720,693;480,827;40,191000000000003
2023-02-03 11:00:00;279,77800000000002;1785,664;485,81200000000001;37,040999999999997
2023-02-03 12:00:00;315,96499999999997;1792,479;493;37,006999999999998
2023-02-03 13:00:00;471,73000000000002;1625,681;462,95299999999997;40,625999999999998
2023-02-03 14:00:00;652,05499999999995;1479,579;363,601;42,695
2023-02-03 15:00:00;877,03499999999997;1385,643;341,85199999999998;43,409999999999997
2023-02-03 16:00:00;1062,579;1186,684;380,23599999999999;42,619999999999997
2023-02-03 17:00:00;1348,415;912,66200000000003;438,666;41,561999999999998
2023-02-03 18:00:00;1431,3399999999999;336,07100000000003;434,50299999999999;40,716999999999999
2023-02-03 19:00:00;1643,9749999999999;10,220000000000001;391,23700000000002;43,68
2023-02-03 20:00:00;1732,4549999999999;0;377,16800000000001;44,847000000000001
2023-02-03 21:00:00;1604,896;0;338,18400000000003;45,25
2023-02-03 22:00:00;1501,212;0;90,951999999999998;45,520000000000003
2023-02-03 23:00:00;1233,5889999999999;0;63,006;45,119
2023-02-04 00:00:00;1231,587;0;33,658999999999999;45,359000000000002
2023-02-04 01:00:00;1244,6679999999999;0;33,659999999999997;44,436
2023-02-04 02:00:00;1142,133;0;33,652000000000001;44,764000000000003
2023-02-04 03:00:00;1108,453;0;33,726999999999997;44,844999999999999
2023-02-04 04:00:00;1140,79;0;33,343000000000004;44,215000000000003
2023-02-04 05:00:00;1212,8579999999999;9,6000000000000002E-2;33,216999999999999;44,994
2023-02-04 06:00:00;1074,0070000000001;126,27500000000001;33,186999999999998;44,954000000000001
2023-02-04 07:00:00;851,17700000000002;748,91899999999998;50,729999999999997;45,493000000000002
2023-02-04 08:00:00;828,26099999999997;1303,1759999999999;287,71899999999999;45,430999999999997
2023-02-04 09:00:00;840,59100000000001;1562,704;356,255;44,668999999999997
2023-02-04 10:00:00;806,37300000000005;1681,1949999999999;334,94499999999999;45,069000000000003
2023-02-04 11:00:00;837,76999999999998;1724,7249999999999;316,95299999999997;44,929000000000002
2023-02-04 12:00:00;877,67499999999995;1589,385;341,995;43,957999999999998
2023-02-04 13:00:00;1002,966;1374,566;382,96300000000002;44,377000000000002
2023-02-04 14:00:00;1306,9639999999999;1230,808;369,666;40,151000000000003
2023-02-04 15:00:00;1725,027;1092,02;318,21100000000001;39,844000000000001
2023-02-04 16:00:00;1972,0719999999999;784,34299999999996;380,79300000000001;40,401000000000003
2023-02-04 17:00:00;2198,8629999999998;486,66000000000003;416,93900000000002;41,332000000000001
2023-02-04 18:00:00;1913,6859999999999;195,434;412,75400000000002;41,215000000000003
2023-02-04 19:00:00;1659,1199999999999;4,7089999999999996;350,38299999999998;40,399999999999999
2023-02-04 20:00:00;1669,3320000000001;0;320,815;39,953000000000003
2023-02-04 21:00:00;1415,0239999999999;0;213,166;41,936
2023-02-04 22:00:00;1182,2650000000001;0;84,659999999999997;41,563000000000002
2023-02-04 23:00:00;1318,1900000000001;0;28,129000000000001;44,531999999999996
2023-02-05 00:00:00;1249,972;0;0;34,259
2023-02-05 01:00:00;1145,0229999999999;0;0;34,701000000000001
2023-02-05 02:00:00;1137,4390000000001;0;0;24,401
2023-02-05 03:00:00;1264,6099999999999;0;0;24,695
2023-02-05 04:00:00;1236,164;0;0;33,356000000000002
2023-02-05 05:00:00;1282,7660000000001;0,22600000000000001;0;33,884
2023-02-05 06:00:00;1295,7439999999999;107,899;0;35,124000000000002
2023-02-05 07:00:00;1173,905;654,86300000000006;0,107;34,774000000000001
2023-02-05 08:00:00;1073,0039999999999;1241,0239999999999;59,585999999999999;34,93
2023-02-05 09:00:00;971,06799999999998;1519,374;114,73;35,058999999999997
2023-02-05 10:00:00;676,43100000000004;1715,6179999999999;91,203999999999994;35,012
2023-02-05 11:00:00;694,01800000000003;1765,914;154,87799999999999;33,540999999999997
2023-02-05 12:00:00;876,27200000000005;1614,0319999999999;207,24700000000001;34,277000000000001
2023-02-05 13:00:00;973,48900000000003;1516,598;194,774;34,255000000000003
2023-02-05 14:00:00;1069,4390000000001;1272,3630000000001;197,256;34,508000000000003
2023-02-05 15:00:00;1131,7249999999999;1205,069;218,43600000000001;34,781999999999996
2023-02-05 16:00:00;1481,431;1001,196;289,33199999999999;35,555999999999997
2023-02-05 17:00:00;1392,5229999999999;738,154;310,56099999999998;35,551000000000002
2023-02-05 18:00:00;1513,645;160,554;293,55599999999998;34,408000000000001
2023-02-05 19:00:00;1532,921;7,5629999999999997;237,77500000000001;35,732999999999997
2023-02-05 20:00:00;1526,6110000000001;0;173,691;35,491
2023-02-05 21:00:00;1428,058;0;114,274;35,718000000000004
2023-02-05 22:00:00;1215,317;0;8,8870000000000005;34,871000000000002
2023-02-05 23:00:00;1106,5170000000001;0;0,747;33,329000000000001
2023-02-06 00:00:00;1113,9349999999999;0;0;43,426000000000002
2023-02-06 01:00:00;1020,975;0;0;43,914000000000001
2023-02-06 02:00:00;952,82000000000005;0;0;44,963999999999999
2023-02-06 03:00:00;851,62099999999998;0;0;45,043999999999997
2023-02-06 04:00:00;800,92499999999995;0;0;42,786000000000001
2023-02-06 05:00:00;740,38800000000003;7,9000000000000001E-2;0;42,383000000000003
2023-02-06 06:00:00;669,54600000000005;111,669;0;41,654000000000003
2023-02-06 07:00:00;543,12599999999998;636,05100000000004;0;43,701000000000001
2023-02-06 08:00:00;468,89699999999999;1199,655;62,655000000000001;43,57
2023-02-06 09:00:00;437,59500000000003;1536,6800000000001;155,458;40,055
2023-02-06 10:00:00;490,40100000000001;1733,8699999999999;204,732;39,725000000000001
2023-02-06 11:00:00;520,43200000000002;1702,6310000000001;260,01600000000002;44,186999999999998
2023-02-06 12:00:00;708,702;1681,1389999999999;288,58600000000001;44,997999999999998
2023-02-06 13:00:00;823,29300000000001;1577,3219999999999;234,15700000000001;45,143000000000001
2023-02-06 14:00:00;970,39200000000005;1406,8489999999999;215,155;44,984000000000002
2023-02-06 15:00:00;1303,99;1110,8389999999999;261,20100000000002;40,594999999999999
2023-02-06 16:00:00;1448,4380000000001;791,82100000000003;295,66500000000002;40,673999999999999
2023-02-06 17:00:00;1357,9290000000001;500,41500000000002;345,22000000000003;39,982999999999997
2023-02-06 18:00:00;1217,981;149,297;313,42599999999999;40,389000000000003
2023-02-06 19:00:00;1446,0989999999999;7,7190000000000003;303,57400000000001;39,973999999999997
2023-02-06 20:00:00;1528,9480000000001;0;302,14699999999999;40,823999999999998
2023-02-06 21:00:00;1312,671;0;204,673;43,171999999999997
2023-02-06 22:00:00;1215,1179999999999;0;0,82099999999999995;45,622
2023-02-06 23:00:00;1085,491;0;0;44,554000000000002
2023-02-07 00:00:00;677,279;0;0;44,758000000000003
2023-02-07 01:00:00;716,45699999999999;0;0;43,067999999999998
2023-02-07 02:00:00;539,89999999999998;0;0;43,478999999999999
2023-02-07 03:00:00;760,44000000000005;0;0;43,573999999999998
2023-02-07 04:00:00;713,91499999999996;0;0;42,887999999999998
2023-02-07 05:00:00;771,50999999999999;5,7000000000000002E-2;0;44,719999999999999
2023-02-07 06:00:00;864,27300000000002;58,606000000000002;0;43,351999999999997
2023-02-07 07:00:00;700,21400000000006;346,61200000000002;0,66200000000000003;44,158000000000001
2023-02-07 08:00:00;543,58199999999999;729,95100000000002;25,792000000000002;45,357999999999997
2023-02-07 09:00:00;518,029;1016,7859999999999;27,021999999999998;43,494
2023-02-07 10:00:00;554,79499999999996;1315,48;38,286999999999999;41,189999999999998
2023-02-07 11:00:00;651,84500000000003;1286,075;40,113;35,779000000000003
2023-02-07 12:00:00;735,93299999999999;1238,059;104,663;42,570999999999998
2023-02-07 13:00:00;799,83100000000002;1121,8520000000001;51,667000000000002;45,043999999999997
2023-02-07 14:00:00;882,38099999999997;991,16399999999999;45,311999999999998;40,042000000000002
2023-02-07 15:00:00;1405,8209999999999;651,74599999999998;41,091999999999999;41,915999999999997
2023-02-07 16:00:00;1832,595;347,47699999999998;14,295999999999999;45,386000000000003
2023-02-07 17:00:00;1667,8240000000001;204,036;77,719999999999999;46,008000000000003
2023-02-07 18:00:00;1512,9649999999999;85,608000000000004;92,665000000000006;45,5
2023-02-07 19:00:00;1447,779;5,6239999999999997;80,819000000000003;46,256
2023-02-07 20:00:00;1439,538;0;0,016;44,857999999999997
2023-02-07 21:00:00;1362,3520000000001;0;0;28,992000000000001
2023-02-07 22:00:00;1279,4369999999999;0;0;21,638000000000002
2023-02-07 23:00:00;1346,0219999999999;0;0;21,210999999999999
2023-02-08 00:00:00;1245,8869999999999;0;0;25,07
2023-02-08 01:00:00;1228,6679999999999;0;0;41,023000000000003
2023-02-08 02:00:00;1247,501;0;0;43,024999999999999
2023-02-08 03:00:00;1249,6020000000001;0;0;43,792000000000002
2023-02-08 04:00:00;1249,3489999999999;0;0;45,298999999999999
2023-02-08 05:00:00;1184,703;0,012;0;44,494
2023-02-08 06:00:00;1065,6300000000001;27,709;0;47,703000000000003
2023-02-08 07:00:00;1023,365;223,94300000000001;0;45,213999999999999
2023-02-08 08:00:00;1003,828;467,56700000000001;16,469000000000001;44,036000000000001
2023-02-08 09:00:00;997,99699999999996;613,13;89,608999999999995;45,003999999999998
2023-02-08 10:00:00;886,04399999999998;786,29300000000001;161,536;45,841000000000001
2023-02-08 11:00:00;868,00900000000001;904,96299999999997;159,13200000000001;45,601999999999997
2023-02-08 12:00:00;922,28700000000003;1013,747;160,14599999999999;46,581000000000003
2023-02-08 13:00:00;943,75400000000002;1111,508;222,88999999999999;46,277000000000001
2023-02-08 14:00:00;1066,124;1225,8040000000001;249,26599999999999;46,517000000000003
2023-02-08 15:00:00;1365,7660000000001;1116,5550000000001;281,75400000000002;46,575000000000003
2023-02-08 16:00:00;1621,3219999999999;886,94200000000001;267,84399999999999;44,713000000000001
2023-02-08 17:00:00;1535,625;538,25800000000004;292,61500000000001;24,579999999999998
2023-02-08 18:00:00;1945,652;244,291;283,71499999999997;16,498000000000001
2023-02-08 19:00:00;1831,79;9,7520000000000007;224,38;14,996
2023-02-08 20:00:00;1642,231;0;194,21000000000001;21,620000000000001
2023-02-08 21:00:00;1622,087;0;119,25;33,411999999999999
2023-02-08 22:00:00;1491,0920000000001;0;2,8180000000000001;39,213999999999999
2023-02-08 23:00:00;1260,011;0;0;27,355
2023-02-09 00:00:00;981,08600000000001;0;0;40,375
2023-02-09 01:00:00;919,22900000000004;0;0;43,289000000000001
2023-02-09 02:00:00;893,83500000000004;0;0;46,189
2023-02-09 03:00:00;934,23800000000006;0;0,001;46,162999999999997
2023-02-09 04:00:00;893,75999999999999;0;0;45,289000000000001
2023-02-09 05:00:00;943,96000000000004;1,7000000000000001E-2;0;45,006999999999998
2023-02-09 06:00:00;918,07899999999995;85,563000000000002;0,16600000000000001;45,319000000000003
2023-02-09 07:00:00;752,41300000000001;533,41099999999994;53,994999999999997;46,064999999999998
2023-02-09 08:00:00;620,48800000000006;898,57500000000005;225,40299999999999;46,767000000000003
2023-02-09 09:00:00;586,03399999999999;1173,5630000000001;407,06099999999998;47,115000000000002
2023-02-09 10:00:00;571,76599999999996;1377,115;460,00599999999997;45,863999999999997
2023-02-09 11:00:00;586,20899999999995;1471,5239999999999;421,49900000000002;47,311999999999998
2023-02-09 12:00:00;691,298;1467,3389999999999;424,70299999999997;47,252000000000002
2023-02-09 13:00:00;776,654;1405,9169999999999;412,38799999999998;47,072000000000003
2023-02-09 14:00:00;884,44200000000001;1391,182;450,017;45,786000000000001
2023-02-09 15:00:00;1081,1890000000001;1232,4670000000001;450,185;46,231999999999999
2023-02-09 16:00:00;1243,7560000000001;1078,95;469,16899999999998;46,408999999999999
2023-02-09 17:00:00;1294,2170000000001;793,45299999999997;474,87299999999999;45,598999999999997
2023-02-09 18:00:00;1372,2619999999999;296,714;430,34199999999998;46,259
2023-02-09 19:00:00;1378,454;12,708;373,47899999999998;45,963999999999999
2023-02-09 20:00:00;1454,1179999999999;0;364,14699999999999;46,624000000000002
2023-02-09 21:00:00;1455,6469999999999;0;319,44;45,972000000000001
2023-02-09 22:00:00;1410,24;0;87,010000000000005;45,765999999999998
2023-02-09 23:00:00;1233,6179999999999;0;60,689;44,527000000000001
2023-02-10 00:00:00;0;0;0;0
2023-02-10 01:00:00;0;0;0;0
2023-02-10 02:00:00;0;0;0;0
2023-02-10 03:00:00;0;0;0;0
2023-02-10 04:00:00;0;0;0;0
2023-02-10 05:00:00;0;0;0;0
2023-02-10 06:00:00;0;0;0;0
2023-02-10 07:00:00;0;0;0;0
2023-02-10 08:00:00;0;0;0;0
2023-02-10 09:00:00;0;0;0;0
2023-02-10 10:00:00;0;0;0;0
2023-02-10 11:00:00;0;0;0;0
2023-02-10 12:00:00;0;0;0;0
2023-02-10 13:00:00;0;0;0;0
2023-02-10 14:00:00;0;0;0;0
2023-02-10 15:00:00;0;0;0;0
2023-02-10 16:00:00;0;0;0;0
2023-02-10 17:00:00;0;0;0;0
2023-02-10 18:00:00;0;0;0;0
2023-02-10 19:00:00;0;0;0;0
2023-02-10 20:00:00;0;0;0;0
2023-02-10 21:00:00;0;0;0;0
2023-02-10 22:00:00;0;0;0;0
2023-02-10 23:00:00;0;0;0;0
2023-02-11 00:00:00;0;0;0;0
2023-02-11 01:00:00;0;0;0;0
2023-02-11 02:00:00;0;0;0;0
2023-02-11 03:00:00;0;0;0;0
2023-02-11 04:00:00;0;0;0;0
2023-02-11 05:00:00;0;0;0;0
2023-02-11 06:00:00;0;0;0;0
2023-02-11 07:00:00;0;0;0;0
2023-02-11 08:00:00;0;0;0;0
2023-02-11 09:00:00;0;0;0;0
2023-02-11 10:00:00;0;0;0;0
2023-02-11 11:00:00;0;0;0;0
2023-02-11 12:00:00;0;0;0;0
2023-02-11 13:00:00;0;0;0;0
2023-02-11 14:00:00;0;0;0;0
2023-02-11 15:00:00;0;0;0;0
2023-02-11 16:00:00;0;0;0;0
2023-02-11 17:00:00;0;0;0;0
2023-02-11 18:00:00;0;0;0;0
2023-02-11 19:00:00;0;0;0;0
2023-02-11 20:00:00;0;0;0;0
2023-02-11 21:00:00;0;0;0;0
2023-02-11 22:00:00;0;0;0;0
2023-02-11 23:00:00;0;0;0;0
2023-02-12 00:00:00;0;0;0;0
2023-02-12 01:00:00;0;0;0;0
2023-02-12 02:00:00;0;0;0;0
2023-02-12 03:00:00;0;0;0;0
2023-02-12 04:00:00;0;0;0;0
2023-02-12 05:00:00;0;0;0;0
2023-02-12 06:00:00;0;0;0;0
2023-02-12 07:00:00;0;0;0;0
2023-02-12 08:00:00;0;0;0;0
2023-02-12 09:00:00;0;0;0;0
2023-02-12 10:00:00;0;0;0;0
2023-02-12 11:00:00;0;0;0;0
2023-02-12 12:00:00;0;0;0;0
2023-02-12 13:00:00;0;0;0;0
2023-02-12 14:00:00;0;0;0;0
2023-02-12 15:00:00;0;0;0;0
2023-02-12 16:00:00;0;0;0;0
2023-02-12 17:00:00;0;0;0;0
2023-02-12 18:00:00;0;0;0;0
2023-02-12 19:00:00;0;0;0;0
2023-02-12 20:00:00;0;0;0;0
2023-02-12 21:00:00;0;0;0;0
2023-02-12 22:00:00;0;0;0;0
2023-02-12 23:00:00;0;0;0;0
2023-02-13 00:00:00;0;0;0;0
2023-02-13 01:00:00;0;0;0;0
2023-02-13 02:00:00;0;0;0;0
2023-02-13 03:00:00;0;0;0;0
2023-02-13 04:00:00;0;0;0;0
2023-02-13 05:00:00;0;0;0;0
2023-02-13 06:00:00;0;0;0;0
2023-02-13 07:00:00;0;0;0;0
2023-02-13 08:00:00;0;0;0;0
2023-02-13 09:00:00;0;0;0;0
2023-02-13 10:00:00;0;0;0;0
2023-02-13 11:00:00;0;0;0;0
2023-02-13 12:00:00;0;0;0;0
2023-02-13 13:00:00;0;0;0;0
2023-02-13 14:00:00;0;0;0;0
2023-02-13 15:00:00;0;0;0;0
2023-02-13 16:00:00;0;0;0;0
2023-02-13 17:00:00;0;0;0;0
2023-02-13 18:00:00;0;0;0;0
2023-02-13 19:00:00;0;0;0;0
2023-02-13 20:00:00;0;0;0;0
2023-02-13 21:00:00;0;0;0;0
2023-02-13 22:00:00;0;0;0;0
2023-02-13 23:00:00;0;0;0;0
2023-02-14 00:00:00;0;0;0;0
2023-02-14 01:00:00;0;0;0;0
2023-02-14 02:00:00;0;0;0;0
2023-02-14 03:00:00;0;0;0;0
2023-02-14 04:00:00;0;0;0;0
2023-02-14 05:00:00;0;0;0;0
2023-02-14 06:00:00;0;0;0;0
2023-02-14 07:00:00;0;0;0;0
2023-02-14 08:00:00;0;0;0;0
2023-02-14 09:00:00;0;0;0;0
2023-02-14 10:00:00;0;0;0;0
2023-02-14 11:00:00;0;0;0;0
2023-02-14 12:00:00;0;0;0;0
2023-02-14 13:00:00;0;0;0;0
2023-02-14 14:00:00;0;0;0;0
2023-02-14 15:00:00;0;0;0;0
2023-02-14 16:00:00;0;0;0;0
2023-02-14 17:00:00;0;0;0;0
2023-02-14 18:00:00;0;0;0;0
2023-02-14 19:00:00;0;0;0;0
2023-02-14 20:00:00;0;0;0;0
2023-02-14 21:00:00;0;0;0;0
2023-02-14 22:00:00;0;0;0;0
2023-02-14 23:00:00;0;0;0;0
2023-02-15 00:00:00;0;0;0;0
2023-02-15 01:00:00;0;0;0;0
2023-02-15 02:00:00;0;0;0;0
2023-02-15 03:00:00;0;0;0;0
2023-02-15 04:00:00;0;0;0;0
2023-02-15 05:00:00;0;0;0;0
2023-02-15 06:00:00;0;0;0;0
2023-02-15 07:00:00;0;0;0;0
2023-02-15 08:00:00;0;0;0;0
2023-02-15 09:00:00;0;0;0;0
2023-02-15 10:00:00;0;0;0;0
2023-02-15 11:00:00;0;0;0;0
2023-02-15 12:00:00;0;0;0;0
2023-02-15 13:00:00;0;0;0;0
2023-02-15 14:00:00;0;0;0;0
2023-02-15 15:00:00;0;0;0;0
2023-02-15 16:00:00;0;0;0;0
2023-02-15 17:00:00;0;0;0;0
2023-02-15 18:00:00;0;0;0;0
2023-02-15 19:00:00;0;0;0;0
2023-02-15 20:00:00;0;0;0;0
2023-02-15 21:00:00;0;0;0;0
2023-02-15 22:00:00;0;0;0;0
2023-02-15 23:00:00;0;0;0;0
2023-02-16 00:00:00;0;0;0;0
2023-02-16 01:00:00;0;0;0;0
2023-02-16 02:00:00;0;0;0;0
2023-02-16 03:00:00;0;0;0;0
2023-02-16 04:00:00;0;0;0;0
2023-02-16 05:00:00;0;0;0;0
2023-02-16 06:00:00;0;0;0;0
2023-02-16 07:00:00;0;0;0;0
2023-02-16 08:00:00;0;0;0;0
2023-02-16 09:00:00;0;0;0;0
2023-02-16 10:00:00;0;0;0;0
2023-02-16 11:00:00;0;0;0;0
2023-02-16 12:00:00;0;0;0;0
2023-02-16 13:00:00;0;0;0;0
2023-02-16 14:00:00;0;0;0;0
2023-02-16 15:00:00;0;0;0;0
2023-02-16 16:00:00;0;0;0;0
2023-02-16 17:00:00;0;0;0;0
2023-02-16 18:00:00;0;0;0;0
2023-02-16 19:00:00;0;0;0;0
2023-02-16 20:00:00;0;0;0;0
2023-02-16 21:00:00;0;0;0;0
2023-02-16 22:00:00;0;0;0;0
2023-02-16 23:00:00;0;0;0;0
2023-02-17 00:00:00;0;0;0;0
2023-02-17 01:00:00;0;0;0;0
2023-02-17 02:00:00;0;0;0;0
2023-02-17 03:00:00;0;0;0;0
2023-02-17 04:00:00;0;0;0;0
2023-02-17 05:00:00;0;0;0;0
2023-02-17 06:00:00;0;0;0;0
2023-02-17 07:00:00;0;0;0;0
2023-02-17 08:00:00;0;0;0;0
2023-02-17 09:00:00;0;0;0;0
2023-02-17 10:00:00;0;0;0;0
2023-02-17 11:00:00;0;0;0;0
2023-02-17 12:00:00;0;0;0;0
2023-02-17 13:00:00;0;0;0;0
2023-02-17 14:00:00;0;0;0;0
2023-02-17 15:00:00;0;0;0;0
2023-02-17 16:00:00;0;0;0;0
2023-02-17 17:00:00;0;0;0;0
2023-02-17 18:00:00;0;0;0;0
2023-02-17 19:00:00;0;0;0;0
2023-02-17 20:00:00;0;0;0;0
2023-02-17 21:00:00;0;0;0;0
2023-02-17 22:00:00;0;0;0;0
2023-02-17 23:00:00;0;0;0;0
2023-02-18 00:00:00;0;0;0;0
2023-02-18 01:00:00;0;0;0;0
2023-02-18 02:00:00;0;0;0;0
2023-02-18 03:00:00;0;0;0;0
2023-02-18 04:00:00;0;0;0;0
2023-02-18 05:00:00;0;0;0;0
2023-02-18 06:00:00;0;0;0;0
2023-02-18 07:00:00;0;0;0;0
2023-02-18 08:00:00;0;0;0;0
2023-02-18 09:00:00;0;0;0;0
2023-02-18 10:00:00;0;0;0;0
2023-02-18 11:00:00;0;0;0;0
2023-02-18 12:00:00;0;0;0;0
2023-02-18 13:00:00;0;0;0;0
2023-02-18 14:00:00;0;0;0;0
2023-02-18 15:00:00;0;0;0;0
2023-02-18 16:00:00;0;0;0;0
2023-02-18 17:00:00;0;0;0;0
2023-02-18 18:00:00;0;0;0;0
2023-02-18 19:00:00;0;0;0;0
2023-02-18 20:00:00;0;0;0;0
2023-02-18 21:00:00;0;0;0;0
2023-02-18 22:00:00;0;0;0;0
2023-02-18 23:00:00;0;0;0;0
2023-02-19 00:00:00;0;0;0;0
2023-02-19 01:00:00;0;0;0;0
2023-02-19 02:00:00;0;0;0;0
2023-02-19 03:00:00;0;0;0;0
2023-02-19 04:00:00;0;0;0;0
2023-02-19 05:00:00;0;0;0;0
2023-02-19 06:00:00;0;0;0;0
2023-02-19 07:00:00;0;0;0;0
2023-02-19 08:00:00;0;0;0;0
2023-02-19 09:00:00;0;0;0;0
2023-02-19 10:00:00;0;0;0;0
2023-02-19 11:00:00;0;0;0;0
2023-02-19 12:00:00;0;0;0;0
2023-02-19 13:00:00;0;0;0;0
2023-02-19 14:00:00;0;0;0;0
2023-02-19 15:00:00;0;0;0;0
2023-02-19 16:00:00;0;0;0;0
2023-02-19 17:00:00;0;0;0;0
2023-02-19 18:00:00;0;0;0;0
2023-02-19 19:00:00;0;0;0;0
2023-02-19 20:00:00;0;0;0;0
2023-02-19 21:00:00;0;0;0;0
2023-02-19 22:00:00;0;0;0;0
2023-02-19 23:00:00;0;0;0;0
2023-02-20 00:00:00;0;0;0;0
2023-02-20 01:00:00;0;0;0;0
2023-02-20 02:00:00;0;0;0;0
2023-02-20 03:00:00;0;0;0;0
2023-02-20 04:00:00;0;0;0;0
2023-02-20 05:00:00;0;0;0;0
2023-02-20 06:00:00;0;0;0;0
2023-02-20 07:00:00;0;0;0;0
2023-02-20 08:00:00;0;0;0;0
2023-02-20 09:00:00;0;0;0;0
2023-02-20 10:00:00;0;0;0;0
2023-02-20 11:00:00;0;0;0;0
2023-02-20 12:00:00;0;0;0;0
2023-02-20 13:00:00;0;0;0;0
2023-02-20 14:00:00;0;0;0;0
2023-02-20 15:00:00;0;0;0;0
2023-02-20 16:00:00;0;0;0;0
2023-02-20 17:00:00;0;0;0;0
2023-02-20 18:00:00;0;0;0;0
2023-02-20 19:00:00;0;0;0;0
2023-02-20 20:00:00;0;0;0;0
2023-02-20 21:00:00;0;0;0;0
2023-02-20 22:00:00;0;0;0;0
2023-02-20 23:00:00;0;0;0;0
2023-02-21 00:00:00;0;0;0;0
2023-02-21 01:00:00;0;0;0;0
2023-02-21 02:00:00;0;0;0;0
2023-02-21 03:00:00;0;0;0;0
2023-02-21 04:00:00;0;0;0;0
2023-02-21 05:00:00;0;0;0;0
2023-02-21 06:00:00;0;0;0;0
2023-02-21 07:00:00;0;0;0;0
2023-02-21 08:00:00;0;0;0;0
2023-02-21 09:00:00;0;0;0;0
2023-02-21 10:00:00;0;0;0;0
2023-02-21 11:00:00;0;0;0;0
2023-02-21 12:00:00;0;0;0;0
2023-02-21 13:00:00;0;0;0;0
2023-02-21 14:00:00;0;0;0;0
2023-02-21 15:00:00;0;0;0;0
2023-02-21 16:00:00;0;0;0;0
2023-02-21 17:00:00;0;0;0;0
2023-02-21 18:00:00;0;0;0;0
2023-02-21 19:00:00;0;0;0;0
2023-02-21 20:00:00;0;0;0;0
2023-02-21 21:00:00;0;0;0;0
2023-02-21 22:00:00;0;0;0;0
2023-02-21 23:00:00;0;0;0;0
2023-02-22 00:00:00;0;0;0;0
2023-02-22 01:00:00;0;0;0;0
2023-02-22 02:00:00;0;0;0;0
2023-02-22 03:00:00;0;0;0;0
2023-02-22 04:00:00;0;0;0;0
2023-02-22 05:00:00;0;0;0;0
2023-02-22 06:00:00;0;0;0;0
2023-02-22 07:00:00;0;0;0;0
2023-02-22 08:00:00;0;0;0;0
2023-02-22 09:00:00;0;0;0;0
2023-02-22 10:00:00;0;0;0;0
2023-02-22 11:00:00;0;0;0;0
2023-02-22 12:00:00;0;0;0;0
2023-02-22 13:00:00;0;0;0;0
2023-02-22 14:00:00;0;0;0;0
2023-02-22 15:00:00;0;0;0;0
2023-02-22 16:00:00;0;0;0;0
2023-02-22 17:00:00;0;0;0;0
2023-02-22 18:00:00;0;0;0;0
2023-02-22 19:00:00;0;0;0;0
2023-02-22 20:00:00;0;0;0;0
2023-02-22 21:00:00;0;0;0;0
2023-02-22 22:00:00;0;0;0;0
2023-02-22 23:00:00;0;0;0;0
2023-02-23 00:00:00;0;0;0;0
2023-02-23 01:00:00;0;0;0;0
2023-02-23 02:00:00;0;0;0;0
2023-02-23 03:00:00;0;0;0;0
2023-02-23 04:00:00;0;0;0;0
2023-02-23 05:00:00;0;0;0;0
2023-02-23 06:00:00;0;0;0;0
2023-02-23 07:00:00;0;0;0;0
2023-02-23 08:00:00;0;0;0;0
2023-02-23 09:00:00;0;0;0;0
2023-02-23 10:00:00;0;0;0;0
2023-02-23 11:00:00;0;0;0;0
2023-02-23 12:00:00;0;0;0;0
2023-02-23 13:00:00;0;0;0;0
2023-02-23 14:00:00;0;0;0;0
2023-02-23 15:00:00;0;0;0;0
2023-02-23 16:00:00;0;0;0;0
2023-02-23 17:00:00;0;0;0;0
2023-02-23 18:00:00;0;0;0;0
2023-02-23 19:00:00;0;0;0;0
2023-02-23 20:00:00;0;0;0;0
2023-02-23 21:00:00;0;0;0;0
2023-02-23 22:00:00;0;0;0;0
2023-02-23 23:00:00;0;0;0;0
2023-02-24 00:00:00;0;0;0;0
2023-02-24 01:00:00;0;0;0;0
2023-02-24 02:00:00;0;0;0;0
2023-02-24 03:00:00;0;0;0;0
2023-02-24 04:00:00;0;0;0;0
2023-02-24 05:00:00;0;0;0;0
2023-02-24 06:00:00;0;0;0;0
2023-02-24 07:00:00;0;0;0;0
2023-02-24 08:00:00;0;0;0;0
2023-02-24 09:00:00;0;0;0;0
2023-02-24 10:00:00;0;0;0;0
2023-02-24 11:00:00;0;0;0;0
2023-02-24 12:00:00;0;0;0;0
2023-02-24 13:00:00;0;0;0;0
2023-02-24 14:00:00;0;0;0;0
2023-02-24 15:00:00;0;0;0;0
2023-02-24 16:00:00;0;0;0;0
2023-02-24 17:00:00;0;0;0;0
2023-02-24 18:00:00;0;0;0;0
2023-02-24 19:00:00;0;0;0;0
2023-02-24 20:00:00;0;0;0;0
2023-02-24 21:00:00;0;0;0;0
2023-02-24 22:00:00;0;0;0;0
2023-02-24 23:00:00;0;0;0;0
2023-02-25 00:00:00;0;0;0;0
2023-02-25 01:00:00;0;0;0;0
2023-02-25 02:00:00;0;0;0;0
2023-02-25 03:00:00;0;0;0;0
2023-02-25 04:00:00;0;0;0;0
2023-02-25 05:00:00;0;0;0;0
2023-02-25 06:00:00;0;0;0;0
2023-02-25 07:00:00;0;0;0;0
2023-02-25 08:00:00;0;0;0;0
2023-02-25 09:00:00;0;0;0;0
2023-02-25 10:00:00;0;0;0;0
2023-02-25 11:00:00;0;0;0;0
2023-02-25 12:00:00;0;0;0;0
2023-02-25 13:00:00;0;0;0;0
2023-02-25 14:00:00;0;0;0;0
2023-02-25 15:00:00;0;0;0;0
2023-02-25 16:00:00;0;0;0;0
2023-02-25 17:00:00;0;0;0;0
2023-02-25 18:00:00;0;0;0;0
2023-02-25 19:00:00;0;0;0;0
2023-02-25 20:00:00;0;0;0;0
2023-02-25 21:00:00;0;0;0;0
2023-02-25 22:00:00;0;0;0;0
2023-02-25 23:00:00;0;0;0;0
2023-02-26 00:00:00;0;0;0;0
2023-02-26 01:00:00;0;0;0;0
2023-02-26 02:00:00;0;0;0;0
2023-02-26 03:00:00;0;0;0;0
2023-02-26 04:00:00;0;0;0;0
2023-02-26 05:00:00;0;0;0;0
2023-02-26 06:00:00;0;0;0;0
2023-02-26 07:00:00;0;0;0;0
2023-02-26 08:00:00;0;0;0;0
2023-02-26 09:00:00;0;0;0;0
2023-02-26 10:00:00;0;0;0;0
2023-02-26 11:00:00;0;0;0;0
2023-02-26 12:00:00;0;0;0;0
2023-02-26 13:00:00;0;0;0;0
2023-02-26 14:00:00;0;0;0;0
2023-02-26 15:00:00;0;0;0;0
2023-02-26 16:00:00;0;0;0;0
2023-02-26 17:00:00;0;0;0;0
2023-02-26 18:00:00;0;0;0;0
2023-02-26 19:00:00;0;0;0;0
2023-02-26 20:00:00;0;0;0;0
2023-02-26 21:00:00;0;0;0;0
2023-02-26 22:00:00;0;0;0;0
2023-02-26 23:00:00;0;0;0;0
2023-02-27 00:00:00;0;0;0;0
2023-02-27 01:00:00;0;0;0;0
2023-02-27 02:00:00;0;0;0;0
2023-02-27 03:00:00;0;0;0;0
2023-02-27 04:00:00;0;0;0;0
2023-02-27 05:00:00;0;0;0;0
2023-02-27 06:00:00;0;0;0;0
2023-02-27 07:00:00;0;0;0;0
2023-02-27 08:00:00;0;0;0;0
2023-02-27 09:00:00;0;0;0;0
2023-02-27 10:00:00;0;0;0;0
2023-02-27 11:00:00;0;0;0;0
2023-02-27 12:00:00;0;0;0;0
2023-02-27 13:00:00;0;0;0;0
2023-02-27 14:00:00;0;0;0;0
2023-02-27 15:00:00;0;0;0;0
2023-02-27 16:00:00;0;0;0;0
2023-02-27 17:00:00;0;0;0;0
2023-02-27 18:00:00;0;0;0;0
2023-02-27 19:00:00;0;0;0;0
2023-02-27 20:00:00;0;0;0;0
2023-02-27 21:00:00;0;0;0;0
2023-02-27 22:00:00;0;0;0;0
2023-02-27 23:00:00;0;0;0;0
2023-02-28 00:00:00;0;0;0;0
2023-02-28 01:00:00;0;0;0;0
2023-02-28 02:00:00;0;0;0;0
2023-02-28 03:00:00;0;0;0;0
2023-02-28 04:00:00;0;0;0;0
2023-02-28 05:00:00;0;0;0;0
2023-02-28 06:00:00;0;0;0;0
2023-02-28 07:00:00;0;0;0;0
2023-02-28 08:00:00;0;0;0;0
2023-02-28 09:00:00;0;0;0;0
2023-02-28 10:00:00;0;0;0;0
2023-02-28 11:00:00;0;0;0;0
2023-02-28 12:00:00;0;0;0;0
2023-02-28 13:00:00;0;0;0;0
2023-02-28 14:00:00;0;0;0;0
2023-02-28 15:00:00;0;0;0;0
2023-02-28 16:00:00;0;0;0;0
2023-02-28 17:00:00;0;0;0;0
2023-02-28 18:00:00;0;0;0;0
2023-02-28 19:00:00;0;0;0;0
2023-02-28 20:00:00;0;0;0;0
2023-02-28 21:00:00;0;0;0;0
2023-02-28 22:00:00;0;0;0;0
2023-02-28 23:00:00;0;0;0;0
