Date;Eskom OCGT Generation;Eskom Gas Generation;Dispatchable IPP OCGT;Manual Load Reduction(MLR);Palmiet Gen Unit Hours;Ingula Gen Unit Hours;Drakensberg Gen Unit Hours;Palmiet Max Hours;Ingula Max Hours;Drakensberg Max Hours;Palmiet Min Hours;Ingula Min Hours;Drakensberg Min Hours
2022-11-28 00:00:00;0;0;0;0;51,200000000000003;42,840000000000003;91,5;58,7;67;102;8;12;12
2022-11-28 01:00:00;0;0;0;0;52,799999999999997;44,560000000000002;93,299999999999997;58,7;67;102;8;12;12
2022-11-28 02:00:00;0;0;0;0;54,399999999999999;46,759999999999998;94,299999999999997;58,7;67;102;8;12;12
2022-11-28 03:00:00;0;0;0;0;55,899999999999999;49,020000000000003;96,299999999999997;58,7;67;102;8;12;12
2022-11-28 04:00:00;0;0;0;0;58,5;50,579999999999998;97,5;58,7;67;102;8;12;12
2022-11-28 05:00:00;0;0;0;420,50900000000001;58,5;51,32;101,7;58,7;67;102;8;12;12
2022-11-28 06:00:00;0;0;0;387,327;57,5;51,369999999999997;98,400000000000006;58,7;67;102;8;12;12
2022-11-28 07:00:00;0;0;0;388,85599999999999;56,700000000000003;50,469999999999999;97,5;58,7;67;102;8;12;12
2022-11-28 08:00:00;0;0;0;492,02199999999999;55,899999999999999;50,68;96,900000000000006;58,7;67;102;8;12;12
2022-11-28 09:00:00;0;0;0;643,36500000000001;54,399999999999999;49,719999999999999;95,400000000000006;58,7;67;102;8;12;12
2022-11-28 10:00:00;0;0;0;892,23800000000006;52,799999999999997;48,200000000000003;93,900000000000006;58,7;67;102;8;12;12
2022-11-28 11:00:00;0;0;0;663,69100000000003;50;46,590000000000003;91,5;58,7;67;102;8;12;12
2022-11-28 12:00:00;0;0;0;592,75400000000002;48;44,340000000000003;89,700000000000003;58,7;67;102;8;12;12
2022-11-28 13:00:00;3;0;0;595,69500000000005;46;41,390000000000001;87;58,7;67;102;8;12;12
2022-11-28 14:00:00;352;0;256,93900000000002;451,089;44;38,789999999999999;85;58,7;67;102;8;12;12
2022-11-28 15:00:00;403;0;319,279;620,01999999999998;42;36,920000000000002;83;58,7;67;102;8;12;12
2022-11-28 16:00:00;409;0;322,416;1210,9169999999999;40,299999999999997;34,18;81,799999999999997;58,7;67;102;8;12;12
2022-11-28 17:00:00;412;0;321,06700000000001;1445,6510000000001;38,5;32,009999999999998;81,400000000000006;58,7;67;102;8;12;12
2022-11-28 18:00:00;414;0;321,25799999999998;1062,4949999999999;38,100000000000001;30,25;80,599999999999994;58,7;67;102;8;12;12
2022-11-28 19:00:00;417;0;322,29300000000001;1559,7059999999999;36,100000000000001;27,129999999999999;79,400000000000006;58,7;67;102;8;12;12
2022-11-28 20:00:00;418;0;322,31;1517,3199999999999;33,700000000000003;23,48;76,599999999999994;58,7;67;102;8;12;12
2022-11-28 21:00:00;403;0;322,98599999999999;1053,6379999999999;32,5;21,960000000000001;74,599999999999994;58,7;67;102;8;12;12
2022-11-28 22:00:00;391;0;322,38600000000002;945,83500000000004;32,5;21,960000000000001;75,400000000000006;58,7;67;102;8;12;12
2022-11-28 23:00:00;366;0;205,30099999999999;839,19500000000005;34,100000000000001;23,219999999999999;77;58,7;67;102;8;12;12
2022-11-29 00:00:00;295;0;2,1999999999999999E-2;699,14300000000003;35,700000000000003;26,030000000000001;79;58,7;67;102;8;12;12
2022-11-29 01:00:00;22;0;0;736,99699999999996;37,700000000000003;29,239999999999998;80,200000000000003;58,7;67;102;8;12;12
2022-11-29 02:00:00;0;0;0;846,596;38,899999999999999;32,5;81,799999999999997;58,7;67;102;8;12;12
2022-11-29 03:00:00;0;0;0;1023,4930000000001;40,899999999999999;35,649999999999999;83,799999999999997;58,7;67;102;8;12;12
2022-11-29 04:00:00;0;0;0;798,57600000000002;42,5;38,789999999999999;85,799999999999997;58,7;67;102;8;12;12
2022-11-29 05:00:00;0;0;0;0;43,299999999999997;40,270000000000003;87,400000000000006;58,7;67;102;8;12;12
2022-11-29 06:00:00;0;0;0;0;41,700000000000003;38,490000000000002;86,200000000000003;58,7;67;102;8;12;12
2022-11-29 07:00:00;0;0;0;0;38,5;36,32;85;58,7;67;102;8;12;12
2022-11-29 08:00:00;0;0;0;0;36,899999999999999;34,729999999999997;83,799999999999997;58,7;67;102;8;12;12
2022-11-29 09:00:00;0;0;0,039;0;34,899999999999999;32,939999999999998;83,400000000000006;58,7;67;102;8;12;12
2022-11-29 10:00:00;47;0;0;0;32,899999999999999;31,440000000000001;82,599999999999994;58,7;67;102;8;12;12
2022-11-29 11:00:00;499;0;0;0;31;30,059999999999999;81,799999999999997;58,7;67;102;8;12;12
2022-11-29 12:00:00;640;0;177,24100000000001;0;29;28,539999999999999;81;58,7;67;102;8;12;12
2022-11-29 13:00:00;656;0;306,995;0;27,399999999999999;27,640000000000001;80,200000000000003;58,7;67;102;8;12;12
2022-11-29 14:00:00;864;0;411,57299999999998;0;25,399999999999999;27,32;79;58,7;67;102;8;12;12
2022-11-29 15:00:00;946;0;459,12400000000002;0;23,199999999999999;25,699999999999999;76,599999999999994;58,7;67;102;8;12;12
2022-11-29 16:00:00;952;0;465,45400000000001;874,06600000000003;20,600000000000001;23,739999999999998;74,599999999999994;58,7;67;102;8;12;12
2022-11-29 17:00:00;923;0;468,56900000000002;1266,739;19,800000000000001;23,149999999999999;73,799999999999997;58,7;67;102;8;12;12
2022-11-29 18:00:00;883;0;473,07299999999998;1137,5920000000001;19;23,079999999999998;73,400000000000006;58,7;67;102;8;12;12
2022-11-29 19:00:00;957;0;476,43099999999998;1426,4090000000001;18,300000000000001;22,82;71,400000000000006;58,7;67;102;8;12;12
2022-11-29 20:00:00;969;0;477,76999999999998;955,41399999999999;17,5;21,289999999999999;69,400000000000006;58,7;67;102;8;12;12
2022-11-29 21:00:00;978;0;481,08800000000002;665,18200000000002;17,5;20,420000000000002;68,599999999999994;58,7;67;102;8;12;12
2022-11-29 22:00:00;916;0;481,88499999999999;1076,8009999999999;18,699999999999999;20,690000000000001;69;58,7;67;102;8;12;12
2022-11-29 23:00:00;546;0;252,49600000000001;1107,8920000000001;20,600000000000001;23,280000000000001;70,599999999999994;58,7;67;102;8;12;12
2022-11-30 00:00:00;43;0;0;1072,8009999999999;22,199999999999999;26,539999999999999;73;58,7;67;102;8;12;12
2022-11-30 01:00:00;0;0;0;1253,3969999999999;24,600000000000001;29,550000000000001;75;58,7;67;102;8;12;12
2022-11-30 02:00:00;0;0;0;1400,2840000000001;26,199999999999999;32,5;77;58,7;67;102;8;12;12
2022-11-30 03:00:00;0;0;21,693000000000001;1223,123;28,199999999999999;35,770000000000003;79,400000000000006;58,7;67;102;8;12;12
2022-11-30 04:00:00;205;0;451,517;1367,6179999999999;29,699999999999999;38,369999999999997;81,400000000000006;58,7;67;102;8;12;12
2022-11-30 05:00:00;847;0;486,73500000000001;217,00800000000001;31,399999999999999;40,210000000000001;83,799999999999997;58,7;67;102;8;12;12
2022-11-30 06:00:00;947;0;481,37799999999999;0;32,100000000000001;39,68;83;58,7;67;102;8;12;12
2022-11-30 07:00:00;949;0;471,00299999999999;0;32,100000000000001;38,909999999999997;81,799999999999997;58,7;67;102;8;12;12
2022-11-30 08:00:00;906;0;465,19600000000003;0;32,100000000000001;39,030000000000001;81;58,7;67;102;8;12;12
2022-11-30 09:00:00;792;0;452,69600000000003;0;31,399999999999999;38,969999999999999;80,599999999999994;58,7;67;102;8;12;12
2022-11-30 10:00:00;671;0;311,863;0;32,100000000000001;39,030000000000001;80,599999999999994;58,7;67;102;8;12;12
2022-11-30 11:00:00;678;0;303,56999999999999;0;32,100000000000001;38,369999999999997;79,799999999999997;58,7;67;102;8;12;12
2022-11-30 12:00:00;635;0;306,57999999999998;0;31,399999999999999;37,289999999999999;78,599999999999994;58,7;67;102;8;12;12
2022-11-30 13:00:00;497;0;306,79500000000002;0;30,600000000000001;36,560000000000002;78,200000000000003;58,7;67;102;8;12;12
2022-11-30 14:00:00;477;0;305,91399999999999;0;30,600000000000001;36,560000000000002;77,400000000000006;58,7;67;102;8;12;12
2022-11-30 15:00:00;648;0;307,15600000000001;0;29,699999999999999;35,649999999999999;76,599999999999994;58,7;67;102;8;12;12
2022-11-30 16:00:00;572;0;299,57799999999997;1534,683;28,199999999999999;33,990000000000002;75,799999999999997;58,7;67;102;8;12;12
2022-11-30 17:00:00;533;0;24,565000000000001;1531,3099999999999;28,199999999999999;33,75;75,400000000000006;58,7;67;102;8;12;12
2022-11-30 18:00:00;636;0;0;1332,962;28,199999999999999;33;75,400000000000006;58,7;67;102;8;12;12
2022-11-30 19:00:00;657;0;0;1616,665;28,199999999999999;32,439999999999998;74,599999999999994;58,7;67;102;8;12;12
2022-11-30 20:00:00;653;0;0;1178,6220000000001;27,399999999999999;30,190000000000001;72,200000000000003;58,7;67;102;8;12;12
2022-11-30 21:00:00;594;0;0;1033,6849999999999;26,199999999999999;27,699999999999999;70,599999999999994;58,7;67;102;8;12;12
2022-11-30 22:00:00;275;0;0;1122,662;27;27,579999999999998;70,599999999999994;58,7;67;102;8;12;12
2022-11-30 23:00:00;0;0;0;1025,194;29;27,579999999999998;72,200000000000003;58,7;67;102;8;12;12
2022-12-01 00:00:00;0;0;0;1098,9949999999999;31;31,129999999999999;74,200000000000003;58,7;67;102;8;12;12
2022-12-01 01:00:00;0;0;0;942,66499999999996;32,5;33,130000000000003;76,200000000000003;58,7;67;102;8;12;12
2022-12-01 02:00:00;0;0;0;885,88599999999997;34,899999999999999;34,979999999999997;78,200000000000003;58,7;67;102;8;12;12
2022-12-01 03:00:00;0;0;0;894,529;36,100000000000001;35,039999999999999;80,200000000000003;58,7;67;102;8;12;12
2022-12-01 04:00:00;44;0;45,045999999999999;1034,1859999999999;38,100000000000001;37,350000000000001;82,200000000000003;58,7;67;102;8;12;12
2022-12-01 05:00:00;478;0;468,51600000000002;0;39,700000000000003;38,670000000000002;83,799999999999997;58,7;67;102;8;12;12
2022-12-01 06:00:00;528;0;479,88400000000001;0;38,899999999999999;37,829999999999998;83;58,7;67;102;8;12;12
2022-12-01 07:00:00;529;0;473,86200000000002;0;38,899999999999999;37,350000000000001;82,200000000000003;58,7;67;102;8;12;12
2022-12-01 08:00:00;528;0;468,97800000000001;0;38,899999999999999;37,289999999999999;81,400000000000006;58,7;67;102;8;12;12
2022-12-01 09:00:00;309;0;434,62700000000001;0;38,100000000000001;37,350000000000001;80,200000000000003;58,7;67;102;8;12;12
2022-12-01 10:00:00;211;0;302,26999999999998;0;38,100000000000001;36,619999999999997;80,200000000000003;58,7;67;102;8;12;12
2022-12-01 11:00:00;272;0;298,14400000000001;0;38,100000000000001;35,590000000000003;79,400000000000006;58,7;67;102;8;12;12
2022-12-01 12:00:00;271;0;298,202;0;37,700000000000003;33,990000000000002;79;58,7;67;102;8;12;12
2022-12-01 13:00:00;264;0;301,35700000000003;0;35,700000000000003;32,189999999999998;77,799999999999997;58,7;67;102;8;12;12
2022-12-01 14:00:00;401;0;341,02600000000001;0;33,700000000000003;30,5;75,799999999999997;58,7;67;102;8;12;12
2022-12-01 15:00:00;527;0;458,04300000000001;0;31,399999999999999;28,09;73,799999999999997;58,7;67;102;8;12;12
2022-12-01 16:00:00;507;0;462,33999999999997;857,53700000000003;29,399999999999999;25,699999999999999;71,799999999999997;58,7;67;102;8;12;12
2022-12-01 17:00:00;525;0;466,065;1355,8610000000001;27,800000000000001;24,859999999999999;71;58,7;67;102;8;12;12
2022-12-01 18:00:00;513;0;274,048;1271,385;27,399999999999999;24,789999999999999;70,200000000000003;58,7;67;102;8;12;12
2022-12-01 19:00:00;554;0;0;1102,547;25,399999999999999;23,539999999999999;68,599999999999994;58,7;67;102;8;12;12
2022-12-01 20:00:00;526;0;0;815,46699999999998;23;19,75;65,599999999999994;58,7;67;102;8;12;12
2022-12-01 21:00:00;487;0;0;636,32799999999997;21,800000000000001;18,32;62,399999999999999;58,7;67;102;8;12;12
2022-12-01 22:00:00;459;0;0;800,33600000000001;21,399999999999999;18,25;61,399999999999999;58,7;67;102;8;12;12
2022-12-01 23:00:00;91;0;0;708,81600000000003;21,800000000000001;19,07;61,899999999999999;58,7;67;102;8;12;12
2022-12-02 00:00:00;0;0;0;350,65600000000001;23,199999999999999;20,079999999999998;63,299999999999997;58,7;67;102;8;12;12
2022-12-02 01:00:00;0;0;0;362,50999999999999;24,600000000000001;22,02;64,200000000000003;58,7;67;102;8;12;12
2022-12-02 02:00:00;0;0;0;214,32900000000001;26,199999999999999;24,140000000000001;65,599999999999994;58,7;67;102;8;12;12
2022-12-02 03:00:00;0;0;0;184,398;27,399999999999999;26,420000000000002;67;58,7;67;102;8;12;12
2022-12-02 04:00:00;98;0;170,78200000000001;715,72799999999995;28,199999999999999;28,41;68,599999999999994;58,7;67;102;8;12;12
2022-12-02 05:00:00;510;0;477,39400000000001;0;29;30,440000000000001;69,400000000000006;58,7;67;102;8;12;12
2022-12-02 06:00:00;503;0;477,80099999999999;0;29;30,5;68,599999999999994;58,7;67;102;8;12;12
2022-12-02 07:00:00;497;0;467,16199999999998;0;28,199999999999999;30,120000000000001;67,400000000000006;58,7;67;102;8;12;12
2022-12-02 08:00:00;487;0;458,92700000000002;0;27,800000000000001;30,120000000000001;66;58,7;67;102;8;12;12
2022-12-02 09:00:00;489;0;450,34100000000001;0;27;30,120000000000001;64,700000000000003;58,7;67;102;8;12;12
2022-12-02 10:00:00;442;0;316,33999999999997;0;26,199999999999999;30,120000000000001;64,200000000000003;58,7;67;102;8;12;12
2022-12-02 11:00:00;349;0;181,30099999999999;0;26,199999999999999;30,059999999999999;63,700000000000003;58,7;67;102;8;12;12
2022-12-02 12:00:00;245;0;19,832000000000001;0;26,199999999999999;30,059999999999999;63,299999999999997;58,7;67;102;8;12;12
2022-12-02 13:00:00;249;0;0;0;25,399999999999999;29,239999999999998;62,399999999999999;58,7;67;102;8;12;12
2022-12-02 14:00:00;210;0;0;0;25,399999999999999;28,34;61,899999999999999;58,7;67;102;8;12;12
2022-12-02 15:00:00;252;0;135,488;0;25;27,510000000000002;60,899999999999999;58,7;67;102;8;12;12
2022-12-02 16:00:00;174;0;282,673;1437,7529999999999;24,600000000000001;26,219999999999999;59,5;58,7;67;102;8;12;12
2022-12-02 17:00:00;0;0;310,779;1305,0550000000001;25;26,219999999999999;59,5;58,7;67;102;8;12;12
2022-12-02 18:00:00;0;8;312,14699999999999;1564,3610000000001;25,399999999999999;26,219999999999999;59;58,7;67;102;8;12;12
2022-12-02 19:00:00;0;0;313,839;1638,2539999999999;24,600000000000001;24,920000000000002;57,5;58,7;67;102;8;12;12
2022-12-02 20:00:00;0;0;175,822;1675,1400000000001;22,199999999999999;22,489999999999998;55;58,7;67;102;8;12;12
2022-12-02 21:00:00;0;0;0;1237,4490000000001;21;20,559999999999999;53,5;58,7;67;102;8;12;12
2022-12-02 22:00:00;0;0;0;999,327;20,100000000000001;19,41;52,5;58,7;67;102;8;12;12
2022-12-02 23:00:00;0;0;0;964,56100000000004;20,100000000000001;19;51,5;58,7;67;102;8;12;12
2022-12-03 00:00:00;0;0;0;1048,5740000000001;20,600000000000001;19,41;52,5;58,7;67;102;8;12;12
2022-12-03 01:00:00;0;0;0;1300,924;21,399999999999999;20,82;53,5;58,7;67;102;8;12;12
2022-12-03 02:00:00;0;0;0;1275,2529999999999;23;22,359999999999999;55;58,7;67;102;8;12;12
2022-12-03 03:00:00;0;0;0;1190,0450000000001;25,399999999999999;23,940000000000001;55,5;58,7;67;102;8;12;12
2022-12-03 04:00:00;0;0;0;1083,4090000000001;25,800000000000001;25,640000000000001;56,5;58,7;67;102;8;12;12
2022-12-03 05:00:00;0;0;0;1218,355;27;26,539999999999999;56,5;58,7;67;102;8;12;12
2022-12-03 06:00:00;0;0;0;1580,5619999999999;27;27,379999999999999;56,5;58,7;67;102;8;12;12
2022-12-03 07:00:00;0;0;0;1640,0229999999999;27;27,640000000000001;56,5;58,7;67;102;8;12;12
2022-12-03 08:00:00;0;0;0;1726,2539999999999;27;27,77;56,5;58,7;67;102;8;12;12
2022-12-03 09:00:00;0;0;0;2262,0590000000002;26,199999999999999;26,870000000000001;55;58,7;67;102;8;12;12
2022-12-03 10:00:00;0;0;0;1906,3389999999999;25,399999999999999;25,899999999999999;53,5;58,7;67;102;8;12;12
2022-12-03 11:00:00;300;0;171,85400000000001;2391,7910000000002;24,199999999999999;24,07;53;58,7;67;102;8;12;12
2022-12-03 12:00:00;1043;0;464,35500000000002;2289,402;23;22,620000000000001;50,5;58,7;67;102;8;12;12
2022-12-03 13:00:00;1116;0;470,58600000000001;2342,5210000000002;23;21,690000000000001;50;58,7;67;102;8;12;12
2022-12-03 14:00:00;1087;0;471,34100000000001;2201,944;23;21,690000000000001;50;58,7;67;102;8;12;12
2022-12-03 15:00:00;1117;0;474,06900000000002;2339,672;23;21,690000000000001;50;58,7;67;102;8;12;12
2022-12-03 16:00:00;1096;0;476,923;1972,8889999999999;23;22,02;50;58,7;67;102;8;12;12
2022-12-03 17:00:00;787;0;477,88900000000001;2004,144;24,199999999999999;22,359999999999999;50;58,7;67;102;8;12;12
2022-12-03 18:00:00;832;0;478,50799999999998;2087,857;25;22,16;50,5;58,7;67;102;8;12;12
2022-12-03 19:00:00;1022;0;482,16500000000002;1952,98;25,399999999999999;21,489999999999998;50,5;58,7;67;102;8;12;12
2022-12-03 20:00:00;1502;0;484,41500000000002;1631,077;24,199999999999999;18,25;50,5;58,7;67;102;8;12;12
2022-12-03 21:00:00;1546;0;486,64100000000002;1634,8910000000001;23,199999999999999;15,779999999999999;51,5;58,7;67;102;8;12;12
2022-12-03 22:00:00;1552;0;488,37900000000002;1939,114;22,199999999999999;15,43;54;58,7;67;102;8;12;12
2022-12-03 23:00:00;1489;0;488,01400000000001;1934,644;22,199999999999999;17,16;56;58,7;67;102;8;12;12
2022-12-04 00:00:00;1246;0;484,28800000000001;1676,2260000000001;24,600000000000001;19,75;58;58,7;67;102;8;12;12
2022-12-04 01:00:00;1134;0;484,63299999999998;1725,6569999999999;26,199999999999999;22,949999999999999;60,399999999999999;58,7;67;102;8;12;12
2022-12-04 02:00:00;1002;0;483,57299999999998;1488,509;28,199999999999999;26,289999999999999;62,799999999999997;58,7;67;102;8;12;12
2022-12-04 03:00:00;972;0;486,02100000000002;1595,5519999999999;29,699999999999999;28,789999999999999;64,700000000000003;58,7;67;102;8;12;12
2022-12-04 04:00:00;970;0;485,911;1716,5840000000001;31,399999999999999;31,129999999999999;67;58,7;67;102;8;12;12
2022-12-04 05:00:00;873;0;486,76100000000002;1766,942;33,700000000000003;33,5;68,599999999999994;58,7;67;102;8;12;12
2022-12-04 06:00:00;836;0;484,202;2020,818;35,5;35,950000000000003;71;58,7;67;102;8;12;12
2022-12-04 07:00:00;877;0;481,42399999999998;2410,8139999999999;36,100000000000001;37,590000000000003;71,799999999999997;58,7;67;102;8;12;12
2022-12-04 08:00:00;956;0;477,50200000000001;2476,0279999999998;38,5;38,490000000000002;74,200000000000003;58,7;67;102;8;12;12
2022-12-04 09:00:00;878;0;473,60599999999999;2667,8879999999999;40,299999999999997;38,729999999999997;75,799999999999997;58,7;67;102;8;12;12
2022-12-04 10:00:00;710;0;471,76499999999999;2475,7510000000002;42;38,789999999999999;77,400000000000006;58,7;67;102;8;12;12
2022-12-04 11:00:00;425;0;473,23099999999999;2437,2840000000001;42,5;38,789999999999999;79,400000000000006;58,7;67;102;8;12;12
2022-12-04 12:00:00;388;0;473,75099999999998;2715,625;43,299999999999997;38,789999999999999;80,599999999999994;58,7;67;102;8;12;12
2022-12-04 13:00:00;134;0;416,85599999999999;3047,759;44;38,909999999999997;81,799999999999997;58,7;67;102;8;12;12
2022-12-04 14:00:00;131;0;174,761;2564,3009999999999;46;38,850000000000001;83,799999999999997;58,7;67;102;8;12;12
2022-12-04 15:00:00;56;0;2,4900000000000002;2604,181;47,200000000000003;39,030000000000001;85,799999999999997;58,7;67;102;8;12;12
2022-12-04 16:00:00;0;0;0;2390,2040000000002;47,600000000000001;39,030000000000001;87,400000000000006;58,7;67;102;8;12;12
2022-12-04 17:00:00;0;0;0;2563,759;47,600000000000001;39,030000000000001;88,200000000000003;58,7;67;102;8;12;12
2022-12-04 18:00:00;0;0;0;2531,4699999999998;47,600000000000001;38,549999999999997;88,599999999999994;58,7;67;102;8;12;12
2022-12-04 19:00:00;0;0;0;2757,701;46,799999999999997;36,619999999999997;87,799999999999997;58,7;67;102;8;12;12
2022-12-04 20:00:00;0;0;0;2619,6399999999999;44;33,439999999999998;85,799999999999997;58,7;67;102;8;12;12
2022-12-04 21:00:00;0;0;0;2407,578;43,700000000000003;30,559999999999999;85,799999999999997;58,7;67;102;8;12;12
2022-12-04 22:00:00;77;0;204,05500000000001;1569,6300000000001;44;30,629999999999999;85;58,7;67;102;8;12;12
2022-12-04 23:00:00;380;0;471,49200000000002;1638,0119999999999;44,799999999999997;31,07;86,200000000000003;58,7;67;102;8;12;12
2022-12-05 00:00:00;803;0;475,84800000000001;1345,8779999999999;46,799999999999997;32,57;88,200000000000003;58,7;67;102;8;12;12
2022-12-05 01:00:00;752;0;478,90800000000002;1253,326;48,799999999999997;35,399999999999999;90,299999999999997;58,7;67;102;8;12;12
2022-12-05 02:00:00;517;0;479,07100000000003;1325,7909999999999;50,799999999999997;39,380000000000003;92,400000000000006;58,7;67;102;8;12;12
2022-12-05 03:00:00;240;0;477,721;1477,73;52;41,799999999999997;94,299999999999997;58,7;67;102;8;12;12
2022-12-05 04:00:00;271;0;97,861000000000004;1591,5619999999999;53,200000000000003;44,960000000000001;96,299999999999997;58,7;67;102;8;12;12
2022-12-05 05:00:00;269;0;0;1671,604;55,200000000000003;46,310000000000002;97,200000000000003;58,7;67;102;8;12;12
2022-12-05 06:00:00;265;0;0;1096,1099999999999;55,200000000000003;45,810000000000002;96,599999999999994;58,7;67;102;8;12;12
2022-12-05 07:00:00;262;0;0;1417,0250000000001;53,600000000000001;44,509999999999998;95,099999999999994;58,7;67;102;8;12;12
2022-12-05 08:00:00;231;0;179,56200000000001;1772,0119999999999;52,799999999999997;43,020000000000003;92,700000000000003;58,7;67;102;8;12;12
2022-12-05 09:00:00;262;0;467,76999999999998;2667,8879999999999;50,799999999999997;40,799999999999997;90,799999999999997;58,7;67;102;8;12;12
2022-12-05 10:00:00;386;0;466,53199999999998;2475,7510000000002;48,799999999999997;38,43;89,400000000000006;58,7;67;102;8;12;12
2022-12-05 11:00:00;813;0;470,05500000000001;2437,2840000000001;47,200000000000003;36,32;87;58,7;67;102;8;12;12
2022-12-05 12:00:00;787;0;470,18599999999998;2715,625;47,200000000000003;34,850000000000001;85,400000000000006;58,7;67;102;8;12;12
2022-12-05 13:00:00;826;0;469,76900000000001;3047,759;46;33,990000000000002;84,200000000000003;58,7;67;102;8;12;12
2022-12-05 14:00:00;815;0;469,66699999999997;2564,3009999999999;45,600000000000001;32,880000000000003;83,400000000000006;58,7;67;102;8;12;12
2022-12-05 15:00:00;781;0;466,11399999999998;2604,181;44;31,190000000000001;82,599999999999994;58,7;67;102;8;12;12
2022-12-05 16:00:00;560;0;464,40499999999997;2390,2040000000002;43,700000000000003;30,440000000000001;82,200000000000003;58,7;67;102;8;12;12
2022-12-05 17:00:00;786;0;466,93400000000003;2563,759;43,299999999999997;29,239999999999998;81,400000000000006;58,7;67;102;8;12;12
2022-12-05 18:00:00;785;0;477,67700000000002;2531,4699999999998;41,700000000000003;27,640000000000001;80,200000000000003;58,7;67;102;8;12;12
2022-12-05 19:00:00;824;0;482,03699999999998;2757,701;41,700000000000003;26,870000000000001;79,400000000000006;58,7;67;102;8;12;12
2022-12-05 20:00:00;786;0;486,06599999999997;2619,6399999999999;40,299999999999997;26,09;79;58,7;67;102;8;12;12
2022-12-05 21:00:00;758;0;487,84300000000002;2407,578;41,700000000000003;26,09;79,400000000000006;58,7;67;102;8;12;12
2022-12-05 22:00:00;818;0;486,69299999999998;1569,6300000000001;43,299999999999997;27,579999999999998;81;58,7;67;102;8;12;12
2022-12-05 23:00:00;682;0;485,03399999999999;1638,0119999999999;43,700000000000003;30,370000000000001;83,400000000000006;58,7;67;102;8;12;12
2022-12-06 00:00:00;551;0;122,94199999999999;1345,8779999999999;44,799999999999997;33,869999999999997;84,200000000000003;58,7;67;102;8;12;12
2022-12-06 01:00:00;513;0;0;1253,326;46;36,259999999999998;85,400000000000006;58,7;67;102;8;12;12
2022-12-06 02:00:00;526;0;0;1325,7909999999999;46,799999999999997;38,609999999999999;86,599999999999994;58,7;67;102;8;12;12
2022-12-06 03:00:00;541;0;0;1477,73;48;41,039999999999999;88,200000000000003;58,7;67;102;8;12;12
2022-12-06 04:00:00;516;0;0;1591,5619999999999;49,600000000000001;43,479999999999997;89,400000000000006;58,7;67;102;8;12;12
2022-12-06 05:00:00;247;0;114,131;1671,604;50;44,219999999999999;90;58,7;67;102;8;12;12
2022-12-06 06:00:00;244;0;159,31100000000001;1096,1099999999999;49,600000000000001;43,310000000000002;89,400000000000006;58,7;67;102;8;12;12
2022-12-06 07:00:00;247;0;159,53899999999999;1417,0250000000001;48;42,960000000000001;88,599999999999994;58,7;67;102;8;12;12
2022-12-06 08:00:00;256;0;159,11199999999999;1772,0119999999999;47,200000000000003;42,090000000000003;87,400000000000006;58,7;67;102;8;12;12
2022-12-06 09:00:00;231;0;158,66800000000001;2667,8879999999999;46,799999999999997;41,100000000000001;86,599999999999994;58,7;67;102;8;12;12
2022-12-06 10:00:00;240;0;158,28299999999999;2475,7510000000002;45,600000000000001;39,560000000000002;86,200000000000003;58,7;67;102;8;12;12
2022-12-06 11:00:00;248;0;157,477;2437,2840000000001;44,799999999999997;38,609999999999999;85,400000000000006;58,7;67;102;8;12;12
2022-12-06 12:00:00;249;0;132,08699999999999;2715,625;43,299999999999997;38,009999999999998;84,599999999999994;58,7;67;102;8;12;12
2022-12-06 13:00:00;235;0;0,53700000000000003;3047,759;43,299999999999997;36,560000000000002;83,799999999999997;58,7;67;102;8;12;12
2022-12-06 14:00:00;257;0;5,8239999999999998;2564,3009999999999;43,299999999999997;34,979999999999997;83,400000000000006;58,7;67;102;8;12;12
2022-12-06 15:00:00;270;0;144,66800000000001;2604,181;41,700000000000003;32,439999999999998;81;58,7;67;102;8;12;12
2022-12-06 16:00:00;469;0;246,09100000000001;2390,2040000000002;39,700000000000003;29,93;79,400000000000006;58,7;67;102;8;12;12
2022-12-06 17:00:00;695;0;318,03399999999999;2563,759;37,700000000000003;27,449999999999999;77,799999999999997;58,7;67;102;8;12;12
2022-12-06 18:00:00;910;0;320,42000000000002;2531,4699999999998;35,5;24,27;75,799999999999997;58,7;67;102;8;12;12
2022-12-06 19:00:00;926;0;323,221;2757,701;32,899999999999999;21,489999999999998;74,200000000000003;58,7;67;102;8;12;12
2022-12-06 20:00:00;932;0;324,44099999999997;2619,6399999999999;30,600000000000001;19,41;72,200000000000003;58,7;67;102;8;12;12
2022-12-06 21:00:00;917;0;325,86000000000001;2407,578;29,399999999999999;16,949999999999999;70,599999999999994;58,7;67;102;8;12;12
2022-12-06 22:00:00;891;0;325,39800000000002;1569,6300000000001;29,399999999999999;16,68;70,200000000000003;58,7;67;102;8;12;12
2022-12-06 23:00:00;737;0;271,61200000000002;1638,0119999999999;29,699999999999999;18,190000000000001;70,599999999999994;58,7;67;102;8;12;12
2022-12-07 00:00:00;0;0;0;0;0;0;0;58,7;67;102;8;12;12
2022-12-07 01:00:00;0;0;0;0;0;0;0;58,7;67;102;8;12;12
2022-12-07 02:00:00;0;0;0;0;0;0;0;58,7;67;102;8;12;12
2022-12-07 03:00:00;0;0;0;0;0;0;0;58,7;67;102;8;12;12
2022-12-07 04:00:00;0;0;0;0;0;0;0;58,7;67;102;8;12;12
2022-12-07 05:00:00;0;0;0;0;0;0;0;58,7;67;102;8;12;12
2022-12-07 06:00:00;0;0;0;0;0;0;0;58,7;67;102;8;12;12
2022-12-07 07:00:00;0;0;0;0;0;0;0;58,7;67;102;8;12;12
2022-12-07 08:00:00;0;0;0;0;0;0;0;58,7;67;102;8;12;12
2022-12-07 09:00:00;0;0;0;0;0;0;0;58,7;67;102;8;12;12
2022-12-07 10:00:00;0;0;0;0;0;0;0;58,7;67;102;8;12;12
2022-12-07 11:00:00;0;0;0;0;0;0;0;58,7;67;102;8;12;12
2022-12-07 12:00:00;0;0;0;0;0;0;0;58,7;67;102;8;12;12
2022-12-07 13:00:00;0;0;0;0;0;0;0;58,7;67;102;8;12;12
2022-12-07 14:00:00;0;0;0;0;0;0;0;58,7;67;102;8;12;12
2022-12-07 15:00:00;0;0;0;0;0;0;0;58,7;67;102;8;12;12
2022-12-07 16:00:00;0;0;0;0;0;0;0;58,7;67;102;8;12;12
2022-12-07 17:00:00;0;0;0;0;0;0;0;58,7;67;102;8;12;12
2022-12-07 18:00:00;0;0;0;0;0;0;0;58,7;67;102;8;12;12
2022-12-07 19:00:00;0;0;0;0;0;0;0;58,7;67;102;8;12;12
2022-12-07 20:00:00;0;0;0;0;0;0;0;58,7;67;102;8;12;12
2022-12-07 21:00:00;0;0;0;0;0;0;0;58,7;67;102;8;12;12
2022-12-07 22:00:00;0;0;0;0;0;0;0;58,7;67;102;8;12;12
2022-12-07 23:00:00;0;0;0;0;0;0;0;58,7;67;102;8;12;12
2022-12-08 00:00:00;0;0;0;0;0;0;0;58,7;67;102;8;12;12
2022-12-08 01:00:00;0;0;0;0;0;0;0;58,7;67;102;8;12;12
2022-12-08 02:00:00;0;0;0;0;0;0;0;58,7;67;102;8;12;12
2022-12-08 03:00:00;0;0;0;0;0;0;0;58,7;67;102;8;12;12
2022-12-08 04:00:00;0;0;0;0;0;0;0;58,7;67;102;8;12;12
2022-12-08 05:00:00;0;0;0;0;0;0;0;58,7;67;102;8;12;12
2022-12-08 06:00:00;0;0;0;0;0;0;0;58,7;67;102;8;12;12
2022-12-08 07:00:00;0;0;0;0;0;0;0;58,7;67;102;8;12;12
2022-12-08 08:00:00;0;0;0;0;0;0;0;58,7;67;102;8;12;12
2022-12-08 09:00:00;0;0;0;0;0;0;0;58,7;67;102;8;12;12
2022-12-08 10:00:00;0;0;0;0;0;0;0;58,7;67;102;8;12;12
2022-12-08 11:00:00;0;0;0;0;0;0;0;58,7;67;102;8;12;12
2022-12-08 12:00:00;0;0;0;0;0;0;0;58,7;67;102;8;12;12
2022-12-08 13:00:00;0;0;0;0;0;0;0;58,7;67;102;8;12;12
2022-12-08 14:00:00;0;0;0;0;0;0;0;58,7;67;102;8;12;12
2022-12-08 15:00:00;0;0;0;0;0;0;0;58,7;67;102;8;12;12
2022-12-08 16:00:00;0;0;0;0;0;0;0;58,7;67;102;8;12;12
2022-12-08 17:00:00;0;0;0;0;0;0;0;58,7;67;102;8;12;12
2022-12-08 18:00:00;0;0;0;0;0;0;0;58,7;67;102;8;12;12
2022-12-08 19:00:00;0;0;0;0;0;0;0;58,7;67;102;8;12;12
2022-12-08 20:00:00;0;0;0;0;0;0;0;58,7;67;102;8;12;12
2022-12-08 21:00:00;0;0;0;0;0;0;0;58,7;67;102;8;12;12
2022-12-08 22:00:00;0;0;0;0;0;0;0;58,7;67;102;8;12;12
2022-12-08 23:00:00;0;0;0;0;0;0;0;58,7;67;102;8;12;12
2022-12-09 00:00:00;0;0;0;0;0;0;0;58,7;67;102;8;12;12
2022-12-09 01:00:00;0;0;0;0;0;0;0;58,7;67;102;8;12;12
2022-12-09 02:00:00;0;0;0;0;0;0;0;58,7;67;102;8;12;12
2022-12-09 03:00:00;0;0;0;0;0;0;0;58,7;67;102;8;12;12
2022-12-09 04:00:00;0;0;0;0;0;0;0;58,7;67;102;8;12;12
2022-12-09 05:00:00;0;0;0;0;0;0;0;58,7;67;102;8;12;12
2022-12-09 06:00:00;0;0;0;0;0;0;0;58,7;67;102;8;12;12
2022-12-09 07:00:00;0;0;0;0;0;0;0;58,7;67;102;8;12;12
2022-12-09 08:00:00;0;0;0;0;0;0;0;58,7;67;102;8;12;12
2022-12-09 09:00:00;0;0;0;0;0;0;0;58,7;67;102;8;12;12
2022-12-09 10:00:00;0;0;0;0;0;0;0;58,7;67;102;8;12;12
2022-12-09 11:00:00;0;0;0;0;0;0;0;58,7;67;102;8;12;12
2022-12-09 12:00:00;0;0;0;0;0;0;0;58,7;67;102;8;12;12
2022-12-09 13:00:00;0;0;0;0;0;0;0;58,7;67;102;8;12;12
2022-12-09 14:00:00;0;0;0;0;0;0;0;58,7;67;102;8;12;12
2022-12-09 15:00:00;0;0;0;0;0;0;0;58,7;67;102;8;12;12
2022-12-09 16:00:00;0;0;0;0;0;0;0;58,7;67;102;8;12;12
2022-12-09 17:00:00;0;0;0;0;0;0;0;58,7;67;102;8;12;12
2022-12-09 18:00:00;0;0;0;0;0;0;0;58,7;67;102;8;12;12
2022-12-09 19:00:00;0;0;0;0;0;0;0;58,7;67;102;8;12;12
2022-12-09 20:00:00;0;0;0;0;0;0;0;58,7;67;102;8;12;12
2022-12-09 21:00:00;0;0;0;0;0;0;0;58,7;67;102;8;12;12
2022-12-09 22:00:00;0;0;0;0;0;0;0;58,7;67;102;8;12;12
2022-12-09 23:00:00;0;0;0;0;0;0;0;58,7;67;102;8;12;12
