Date_Time_Hour_Beginning;Thermal_Gen_Excl_Pumping_and_SCO;Eskom_OCGT_SCO_Pumping;Eskom_Gas_SCO_Pumping;Hydro_Water_SCO_Pumping;Pumped_Water_SCO_Pumping;Thermal_Generation;Nuclear_Generation;International_Imports;Eskom_OCGT_Generation;Eskom_Gas_Generation;Dispatchable_IPP_OCGT;Hydro_Water_Generation;Pumped_Water_Generation;IOS_Excl_ILS_and_MLR;ILS_Usage;Manual_Load_Reduction_MLR;Wind;PV;CSP;Other_RE
2022-11-29 00:00:00;16466,267;-1,7330000000000001;-2;0;-2433;18903;1617;1138;295;0;2,1999999999999999E-2;605;0;0;0;699,14300000000003;1371,4369999999999;0;29,007999999999999;23,135999999999999
2022-11-29 01:00:00;16304,800999999999;-3,1989999999999998;-2;0;-2500;18810;1616;1142;22;0;0;603;0;0;0;736,99699999999996;1448,319;0;28,908999999999999;27,545000000000002
2022-11-29 02:00:00;15898,667000000001;-3,3330000000000002;-2;0;-2496;18400;1616;1170;0;0;0;604;0;0;0;846,596;1623,3610000000001;0;29,684000000000001;27,957999999999998
2022-11-29 03:00:00;16119,667000000001;-3,3330000000000002;-2;0;-2402;18527;1617;1178;0;0;0;607;0;0;0;1023,4930000000001;1496,2750000000001;0;29,989000000000001;27,917999999999999
2022-11-29 04:00:00;17507,111000000001;-3,1989999999999998;-2;0;-1432;18944,310000000001;1617;1180;0;0;0;604;0;0;0;798,57600000000002;1540,075;0;29,899000000000001;27,268999999999998
2022-11-29 05:00:00;19173,667000000001;-3,3330000000000002;-2;0;-45;19224;1617;1207;0;0;0;605;1197;0;0;0;1500,057;29,428999999999998;54,671999999999997;27,663
2022-11-29 23:00:00;16498,529999999999;-1,2;-2;0;-2771;19272,73;1612;1105;546;0;252,49600000000001;604;0;0;0;1107,8920000000001;1042,3050000000001;0;77,293999999999997;37,350999999999999
2022-11-29 06:00:00;19305,934000000001;-3,0659999999999998;-2;0;-13;19324;1616;1225;0;0;0;603;1555;0;0;0;1344,1500000000001;414,84500000000003;228,43899999999999;28,905000000000001
2022-11-29 07:00:00;19559,667000000001;-3,3330000000000002;-2;0;-20;19585;1617;1219;0;0;0;604;1148;0;0;0;1368,1489999999999;988,61800000000005;344,80799999999999;30,526
2022-11-29 08:00:00;19760,934000000001;-3,0659999999999998;-2;0;-20;19786;1616;1205;0;0;0;604;1163;0;0;0;1463,848;1372,569;401,76100000000002;31,146000000000001
2022-11-29 09:00:00;19452,534;-3,4660000000000002;-2;0;-23;19481;1614;1189;0;0;0,039;604;1010;0;0;0;1454,5340000000001;1660,8779999999999;399,90300000000002;31,216999999999999
2022-11-29 10:00:00;19097,467000000001;-2,5329999999999999;-2;0;-23;19125;1614;1158;47;0;0;605;1114;0;0;0;1339,396;1818,527;403,483;32,622
2022-11-29 11:00:00;18751,534;-1,466;-2;0;-19;18774;1614;1124;499;0;0;604;1115;0;0;0;1117,652;1892,1489999999999;438,72699999999998;32,204000000000001
2022-11-29 12:00:00;18767,400000000001;-1,6000000000000001;-2;0;-33;18804;1613;1159;640;0;177,24100000000001;604;895;0;0;0;850,20600000000002;1848,5740000000001;439,94299999999998;31,721
2022-11-29 13:00:00;18580,534;-1,466;-2;0;-27;18611;1613;1142;656;0;306,995;604;876;0;0;0;811,03499999999997;1737,856;429,00599999999997;32,021000000000001
2022-11-29 14:00:00;18197;0;-2;0;-25;18224;1612;1168;864;0;411,57299999999998;604;1322;0;0;0;887,46100000000001;1508,471;399,58199999999999;32,073
2022-11-29 15:00:00;18289,18;0;-2;0;-11;18302,18;1612;1154;946;0;459,12400000000002;604;1763;0;0;0;965,31899999999996;1177,7629999999999;362,06799999999998;36,055999999999997
2022-11-29 16:00:00;18939;0;-2;0;-38;18979;1611;1155;952;0;465,45400000000001;603;608;0;0;874,06600000000003;1154,9110000000001;779,96199999999999;363,74900000000002;36,987000000000002
2022-11-29 17:00:00;19542;0;-2;0;-40;19584;1611;1193;923;0;468,56900000000002;604;371;0;0;1266,739;1031,422;505,50299999999999;372,89299999999997;37,488999999999997
2022-11-29 18:00:00;19570;0;-2;0;-31;19603;1611;1152;883;0;473,07299999999998;603;908;224;141,55000000000001;1137,5920000000001;1040,636;138,654;323,18400000000003;38,173000000000002
2022-11-29 19:00:00;19733;0;-2;0;-25;19760;1612;1146;957;0;476,43099999999998;604;1150;224;305,44999999999999;1426,4090000000001;1173,4559999999999;3,9380000000000002;322,38900000000001;37,563000000000002
2022-11-29 20:00:00;19689;0;-2;0;-32;19723;1612;1136;969;0;477,76999999999998;605;705;3,5;0;955,41399999999999;1219,923;0,19400000000000001;334,61099999999999;37,716999999999999
2022-11-29 21:00:00;18578;0;-2;0;-786;19366;1612;1131;978;0;481,08800000000002;603;0;0;0;665,18200000000002;1258,3130000000001;0;285,411;38,176000000000002
2022-11-29 22:00:00;16996;0;-2;0;-2239;19237;1612;1086;916;0;481,88499999999999;603;0;0;0;1076,8009999999999;1129,4110000000001;0;87,566999999999993;37,524999999999999
2022-11-30 00:00:00;16539,667000000001;-3,3330000000000002;-2;0;-2639;19184;1613;1109;43;0;0;605;0;0;0;1072,8009999999999;1054,854;0;74,355999999999995;36,466999999999999
2022-11-30 01:00:00;16243,667000000001;-3,3330000000000002;-2;0;-2647;18896;1613;1110;0;0;0;607;0;0;0;1253,3969999999999;1034,684;0;36,453000000000003;37,241999999999997
2022-11-30 02:00:00;16228,534;-3,4660000000000002;-2;0;-2661;18895;1613;1121;0;0;0;606;0;0;0;1400,2840000000001;973,46000000000004;0;35,204999999999998;36,936
2022-11-30 03:00:00;16042,800999999999;-3,1989999999999998;-2;0;-2619;18667;1613;1140;0;0;21,693000000000001;607;0;0;0;1223,123;1198,373;0;8,9580000000000002;35,408000000000001
2022-11-30 04:00:00;16737,467000000001;-2,5329999999999999;-2;0;-2070;18812;1613;1086;205;0;451,517;607;0;0;0;1367,6179999999999;1058,048;0;0;35,848999999999997
2022-11-30 05:00:00;18813,400000000001;-1,6000000000000001;-2;0;-133;18950;1613;1078;847;0;486,73500000000001;602;411;0;0;217,00800000000001;873,59299999999996;31,559000000000001;0;34,612000000000002
2022-11-30 06:00:00;19213,400000000001;-1,6000000000000001;-2;0;-33;19250;1613;1154;947;0;481,37799999999999;603;576;0;0;0;860,36800000000005;455,82999999999998;0;33,314
2022-11-30 07:00:00;19433,300000000003;-1,6000000000000001;-2;0;-48;19484,900000000001;1614;1188;949;0;471,00299999999999;604;245;0;0;0;825,98299999999995;1057,876;21,201000000000001;34,426000000000002
2022-11-30 08:00:00;19426,267;-1,7330000000000001;-1;0;-47;19476;1613;1159;906;0;465,19600000000003;604;0;0;0;0;1015,0940000000001;1451,828;222,215;37,746000000000002
2022-11-30 09:00:00;18714,400000000001;-1,6000000000000001;-1;0;-48;18765;1613;1152;792;0;452,69600000000003;604;8;0;0;0;1458,559;1694,258;397,71300000000002;34,241999999999997
2022-11-30 10:00:00;18367,267;-1,7330000000000001;-1;0;-39;18409;1612;1166;671;0;311,863;605;532;0;0;0;1380,771;1857,3510000000001;426,32400000000001;33,631999999999998
2022-11-30 11:00:00;18295,490000000002;-1,6000000000000001;-1;0;-30;18328,09;1611;1156;678;0;303,56999999999999;603;818;0;0;0;1208,48;1895,2860000000001;425,274;33,323
2022-11-30 12:00:00;18561,496999999999;-1,7330000000000001;-1;0;-24;18588,23;1611;1189;635;0;306,57999999999998;603;554;0;0;0;1267,241;1885,153;422,702;35,299999999999997
2022-11-30 13:00:00;18559,400000000001;-1,6000000000000001;-1;0;-20;18582;1612;1166;497;0;306,79500000000002;602;269;0;0;0;1619,3030000000001;1838,193;430,041;30,631
2022-11-30 14:00:00;18626,267;-1,7330000000000001;-1;0;-31;18660;1615;1171;477;0;305,91399999999999;605;637;0;0;0;1702,154;1671,0219999999999;414,31599999999997;29,379000000000001
2022-11-30 15:00:00;18771,400000000001;-1,6000000000000001;-1;0;-18;18792;1614;1189;648;0;307,15600000000001;604;1137;0;0;0;1691,9259999999999;1342,0419999999999;394,88999999999999;30,882999999999999
2022-11-30 16:00:00;18983,267;-1,7330000000000001;-1;0;-41;19027;1613;1229;572;0;299,57799999999997;602;194;0;0;1534,683;1809,2280000000001;852,61800000000005;288,16899999999998;37,069000000000003
2022-11-30 17:00:00;19261,400000000001;-1,6000000000000001;-1;0;-40;19304;1613;1250;533;0;24,565000000000001;600;266;0;0;1531,3099999999999;1886,518;500,31400000000002;378,42000000000002;36,604999999999997
2022-11-30 18:00:00;19417,267;-1,7330000000000001;-1;0;-40;19460;1612;1224;636;0;0;604;473;244;0;1332,962;2120,3229999999999;107,504;337,38900000000001;35,07
2022-11-30 19:00:00;19419,400000000001;-1,6000000000000001;-1;0;-17;19439;1610;1172;657;0;0;604;1750;244;0;1616,665;1888,71;4,4240000000000004;364,10500000000002;35,106999999999999
2022-11-30 20:00:00;19267,400000000001;-1,6000000000000001;-1;0;-17;19287;1611;1206;653;0;0;604;1504;3,5;0;1178,6220000000001;1492,3589999999999;8,2000000000000003E-2;367,089;35,677
2022-11-30 21:00:00;18796,400000000001;-1,6000000000000001;-1;0;-320;19119;1612;1175;594;0;0;602;108;0;0;1033,6849999999999;1606,4670000000001;0;337,435;33,735999999999997
2022-11-30 22:00:00;17805,066999999999;-2,9329999999999998;-1;0;-1066;18875;1612;1151;275;0;0;605;0;0;0;1122,662;1369,165;0;101,878;35,829999999999998
2022-11-30 23:00:00;17005,667000000001;-3,3330000000000002;-1;0;-1828;18838;1612;1260;0;0;0;603;0;0;0;1025,194;1309,7329999999999;0;58,883000000000003;35,560000000000002
2022-12-01 00:00:00;16662,667000000001;-3,3330000000000002;-1;0;-1989;18656;1613;1292;0;0;0;607;0;0;0;1098,9949999999999;1068,115;0;28,68;36,939999999999998
2022-12-01 01:00:00;16679,534;-3,4660000000000002;-1;0;-2163;18847;1612;1263;0;0;0;602;0;0;0;942,66499999999996;923,13599999999997;0;0;37,725999999999999
2022-12-01 02:00:00;16420,867999999999;-4,1319999999999997;-1;0;-2388;18814;1612;1284;0;0;0;604;0;0;0;885,88599999999997;985,90300000000002;0;0;37,069000000000003
2022-12-01 03:00:00;16590,934000000001;-3,0659999999999998;-1;0;-2251;18846;1612;1292;0;0;0;607;0;0;0;894,529;1033,8969999999999;0;0;37,706000000000003
2022-12-01 04:00:00;17602,534;-3,4660000000000002;-1;0;-1478;19085;1611;1209;44;0;45,045999999999999;604;0;0;0;1034,1859999999999;1051,4349999999999;0;0;37,323
2022-12-01 05:00:00;19154,934000000001;-3,0659999999999998;-1;0;-63;19222;1611;1223;478;0;468,51600000000002;601;441;0;0;0;1085,261;20,834;0;36,859000000000002
2022-12-01 06:00:00;19441,400000000001;-1,6000000000000001;-1;0;-37;19481;1611;1266;528;0;479,88400000000001;604;417;0;0;0;1036,193;343,85399999999998;13,789999999999999;36,558
2022-12-01 07:00:00;19450,267;-1,7330000000000001;-1;0;-46;19499;1611;1264;529;0;473,86200000000002;605;352;0;0;0;982,93299999999999;978,25599999999997;191,11799999999999;37,625
2022-12-01 08:00:00;19411,400000000001;-1,6000000000000001;-1;0;-38;19452;1610;1229;528;0;468,97800000000001;604;580;0;0;0;1084,5730000000001;1325,4829999999999;328,73099999999999;38,042000000000002
2022-12-01 09:00:00;19278,267;-1,7330000000000001;-1;0;-38;19319;1609;1231;309;0;434,62700000000001;602;259;0;0;0;1321,607;1561,636;396,346;39,100999999999999
2022-12-01 10:00:00;18853,400000000001;-1,6000000000000001;-1;0;-32;18888;1610;1259;211;0;302,26999999999998;604;505;0;0;0;1349,5119999999999;1780,971;410,036;39,234999999999999
2022-12-01 11:00:00;18575,400000000001;-1,6000000000000001;-1;0;-25;18603;1610;1271;272;0;298,14400000000001;605;772;0;0;0;1242,3720000000001;1817,547;448,47000000000003;37,203000000000003
2022-12-01 12:00:00;18176,267;-1,7330000000000001;-1;0;-20;18199;1608;1256;271;0;298,202;604;1295;0;0;0;1151,6510000000001;1786,876;405,30099999999999;38,637
2022-12-01 13:00:00;17998,400000000001;-1,6000000000000001;-1;0;-14;18015;1608;1259;264;0;301,35700000000003;604;1631;0;0;0;1173,5509999999999;1692,9939999999999;364,69999999999999;40,313000000000002
2022-12-01 14:00:00;18032,267;-1,7330000000000001;-1;0;-7;18042;1607;1239;401;0;341,02600000000001;604;1924;0;0;0;1295,3610000000001;1481,9749999999999;336,12700000000001;39,804000000000002
2022-12-01 15:00:00;18002,400000000001;-1,6000000000000001;-1;0;-8;18013;1608;1252;527;0;458,04300000000001;605;1902;0;0;0;1662,087;1135,191;290,61599999999999;38,802999999999997
2022-12-01 16:00:00;18298,267;-1,7330000000000001;-1;0;-28;18329;1607;1262;507;0;462,33999999999997;604;767;0;0;856,29899999999998;1993,009;826,34100000000001;330,07100000000003;41,119999999999997
2022-12-01 17:00:00;18737,990000000002;-1,6000000000000001;-1;0;-39;18779,59;1607;1237;525;0;466,065;604;415;0;0;1362,6849999999999;2121,8150000000001;438,82999999999998;381,42899999999997;40,002000000000002
2022-12-01 18:00:00;18818,267;-1,7330000000000001;-1;0;-23;18844;1607;1162;513;0;274,048;606;1347;218;0;1301,479;1881,5909999999999;96,221000000000004;375,70299999999997;39,322000000000003
2022-12-01 19:00:00;18754,400000000001;-1,6000000000000001;-1;0;-3;18760;1607;1141;554;0;0;606;2514;218;320,35000000000002;1128,8140000000001;1700,625;3,8300000000000001;363,15100000000001;38,762999999999998
2022-12-01 20:00:00;18538,267;-1,7330000000000001;-1;0;-16;18557;1607;1132;526;0;0;605;1829;0;126,65000000000001;838,76199999999994;1846,96;0;363,79700000000003;39,908000000000001
2022-12-01 21:00:00;18391,400000000001;-1,6000000000000001;-1;0;-69;18463;1606;1142;487;0;0;603;536;0;0;678,74199999999996;1702,6500000000001;0;292,17899999999997;40,795000000000002
2022-12-01 22:00:00;17567,400000000001;-1,6000000000000001;-1;0;-777;18347;1606;1123;459;0;0;605;0;0;0;887,77999999999997;1646,059;0;68,814999999999998;39,692
2022-12-01 23:00:00;17133,400000000001;-1,6000000000000001;-1;0;-1128;18264;1606;1126;91;0;0;604;0;0;0;827,85599999999999;1407,846;0;9,7850000000000001;39,308
2022-12-02 00:00:00;16816,267;-1,7330000000000001;-1;0;-1474;18293;1607;1133;0;0;0;607;0;0;0;468,947;1353,9580000000001;0;0;38,704000000000001
2022-12-02 01:00:00;16173,267;-1,7330000000000001;-1;0;-1991;18167;1608;1201;0;0;0;605;0;0;0;499,96800000000002;1481,6790000000001;0;0;38,883000000000003
2022-12-02 19:00:00;17973,267;-1,7330000000000001;-2;0;-9;17986;1605;1134;0;0;313,839;604;2043;203;0;1570,896;2427,1190000000001;2,621;390,28699999999998;38,146999999999998
2022-12-02 20:00:00;17967,920000000002;-1,6000000000000001;-2;0;-14;17985,52;1604;1195;0;0;175,822;604;1634;3,5;0;1677,3779999999999;2194,9969999999998;0;375,54599999999999;37,996000000000002
2022-12-02 21:00:00;17741,667000000001;-1,333;-2;0;-28;17773;1605;1185;0;0;0;604;821;0;0;1305,607;1958,384;0;363,33499999999998;38,789000000000001
2022-12-02 22:00:00;17515,267;-1,7330000000000001;-2;0;-53;17572;1605;970;0;0;0;604;349;0;0;1048,9829999999999;1858,241;0;108,232;37,491
2022-12-02 23:00:00;16894,267;-1,7330000000000001;-2;0;-702;17600;1604;1019;0;0;0;604;0;0;0;1022,875;1699,3910000000001;0;57,622999999999998;35,823
2022-12-02 02:00:00;15971,534;-1,466;-1;0;-1995;17969;1608;1217;0;0;0;609;0;0;0;401,06;1559,672;0;0;40,619
2022-12-02 03:00:00;16200,267;-1,7330000000000001;-1;0;-1782;17985;1608;1241;0;0;0;608;0;0;0;386,55700000000002;1496,7760000000001;0;0;38,576999999999998
2022-12-02 04:00:00;16858,400000000001;-1,6000000000000001;-1;0;-1409;18270;1609;1145;98;0;170,78200000000001;607;0;0;0;823,30799999999999;1410,778;0;0;36,982999999999997
2022-12-02 05:00:00;18536,267;-1,7330000000000001;-1;0;-83;18622;1609;1125;510;0;477,39400000000001;601;301;0;0;0;1588,741;17,100999999999999;0;39,057000000000002
2022-12-02 06:00:00;18789,400000000001;-1,6000000000000001;-1;0;-32;18824;1609;1208;503;0;477,80099999999999;604;655;0;0;0;1471,6690000000001;340,75400000000002;3,9239999999999999;39,822000000000003
2022-12-02 07:00:00;18881,400000000001;-1,6000000000000001;-1;0;-34;18918;1609;1216;497;0;467,16199999999998;604;573;0;0;0;1412,9469999999999;881,54600000000005;186,751;39,225000000000001
2022-12-02 08:00:00;18878,267;-1,7330000000000001;-1;0;-32;18913;1609;1168;487;0;458,92700000000002;604;553;0;0;0;1662,414;1262,6369999999999;421,99000000000001;38,997
2022-12-02 09:00:00;18673,400000000001;-1,6000000000000001;-1;0;-34;18710;1609;1159;489;0;450,34100000000001;604;204;0;0;0;2025,818;1518,7339999999999;493,46100000000001;38,805999999999997
2022-12-02 10:00:00;18547,807000000001;-1,7330000000000001;-1;0;-20;18570,540000000001;1609;1211;442;0;316,33999999999997;604;128;1,633;0;0;2334,4389999999999;1628,3399999999999;504,209;38,311
2022-12-02 11:00:00;18300,400000000001;-1,6000000000000001;-2;0;-33;18337;1609;1184;349;0;181,30099999999999;605;194;10,5;0;0;2463,692;1661,8879999999999;503,84899999999999;39,826999999999998
2022-12-02 12:00:00;18147,267;-1,7330000000000001;-2;0;-23;18174;1608;1022;245;0;19,832000000000001;604;650;0;0;0;2475,8919999999998;1623,155;489,88400000000001;40,290999999999997
2022-12-02 13:00:00;18228,170000000002;-1,6000000000000001;-2;0;-29;18260,77;1607;1022;249;0;0;604;502;0;0;0;2472,5680000000002;1542,605;472,71800000000002;39,656999999999996
2022-12-02 14:00:00;18082,267;-1,7330000000000001;-2;0;-28;18114;1606;1022;210;0;0;605;629;0;0;0;2682,0590000000002;1493,979;491,53100000000001;15,305999999999999
2022-12-02 15:00:00;17670,400000000001;-1,6000000000000001;-2;0;-27;17701;1605;1039;252;0;135,488;605;1000;0;0;0;2788,4769999999999;1406,4179999999999;500,64699999999999;20,082999999999998
2022-12-02 16:00:00;17521,400000000001;-1,6000000000000001;-2;0;-198;17723;1604;1057;174;0;282,673;604;40;0;0;1382,8299999999999;2858,797;1194,056;496,5;22,001000000000001
2022-12-02 17:00:00;17920,267;-1,7330000000000001;-3;0;-89;18014;1604;1084;0;0;310,779;604;108;0;0;1260,9079999999999;2731,5599999999999;768,15999999999997;483,39400000000001;27,809000000000001
2022-12-02 18:00:00;18031,960000000003;-1,6000000000000001;-3;0;-30;18066,560000000001;1605;1008;0;8;312,14699999999999;605;1011;203;0;1483,1990000000001;2638,1439999999998;210,649;431,05900000000003;37,415999999999997
2022-12-03 12:00:00;16137,267;-1,7330000000000001;-2;0;-34;16175;1598;1018;1043;0;464,35500000000002;604;357;0;0;2237,194;772,20500000000004;1937,587;403,62700000000001;22,802
2022-12-03 13:00:00;15888,4;-1,6000000000000001;-2;0;-43;15935;1598;1013;1116;0;470,58600000000001;603;12;0;0;2278,6210000000001;836,02999999999997;1888,1559999999999;403,44400000000002;31,498999999999999
2022-12-03 14:00:00;15751,4;-1,6000000000000001;-2;0;-43;15798;1597;1039;1087;0;471,34100000000001;605;0;0;0;2145,453;920,82799999999997;1795,633;404,52499999999998;25,414000000000001
2022-12-03 15:00:00;15797,534;-1,466;-2;0;-224;16025;1597;1056;1117;0;474,06900000000002;600;0;0;0;2299,8420000000001;1021,068;1588,826;403,16800000000001;14,231999999999999
2022-12-03 16:00:00;16223,534;-1,466;-2;0;-263;16490;1597;1085;1096;0;476,923;598;0;0;0;1993,106;1177,6980000000001;1308,7449999999999;399,608;29,547000000000001
2022-12-03 17:00:00;16597,267;-1,7330000000000001;-2;0;-368;16969;1596;1106;787;0;477,88900000000001;603;0;0;0;2031,3620000000001;1443,7080000000001;868,26099999999997;388,32900000000001;34,420999999999999
2022-12-03 18:00:00;17118,837;-1,7330000000000001;-2;0;-86;17208,57;1595;1090;832;0;478,50799999999998;605;307;0;96,849999999999994;2153,9450000000002;1594,1590000000001;245,74299999999999;356,51299999999998;33,637
2022-12-03 19:00:00;16663,934000000001;-1,0660000000000001;-2;0;-11;16678;1596;1026;1022;0;482,16500000000002;604;1349;0;335,25;2046,377;1518,308;3,1200000000000001;327,33800000000002;33,305999999999997
2022-12-03 20:00:00;16024;0;-2;0;-588;16614;1597;1042;1502;0;484,41500000000002;603;1069;0;0;1752,5060000000001;1395,4069999999999;0;329,04199999999997;32,588000000000001
2022-12-03 21:00:00;15510;0;-2;0;-1058;16570;1599;1091;1546;0;486,64100000000002;604;320;0;0;1768,1320000000001;1298,3810000000001;0;308,45100000000002;33,404000000000003
2022-12-03 22:00:00;14471;0;-2;0;-1685;16158;1599;1023;1552;0;488,37900000000002;604;0;0;0;2117,7240000000002;1301,4570000000001;0;48,478999999999999;32,555999999999997
2022-12-03 23:00:00;13514,99;0;-2;0;-2549;16065,99;1597;1043;1489;0;488,01400000000001;604;0;0;0;2013,71;1223,672;0;37,334000000000003;32,070999999999998
2022-12-03 00:00:00;16277,400000000001;-1,6000000000000001;-2;0;-1309;17590;1603;1050;0;0;0;604;0;0;0;1259,5450000000001;1344,163;0;35,261000000000003;34,549999999999997
2022-12-03 01:00:00;15610,267;-1,7330000000000001;-2;0;-1736;17350;1602;1103;0;0;0;604;0;0;0;1505,873;1300,6389999999999;0;35,274000000000001;36,307000000000002
2022-12-03 02:00:00;15478,267;-1,7330000000000001;-2;0;-1342;16824;1602;1153;0;0;0;606;0;0;0;1464,508;1214,1210000000001;0;35,115000000000002;36,811999999999998
2022-12-03 03:00:00;15578,267;-1,7330000000000001;-2;0;-1183;16765;1602;1148;0;0;0;605;0;0;0;1361,8720000000001;1222,5730000000001;0;34,917000000000002;36,082999999999998
2022-12-03 04:00:00;16089,400000000001;-1,6000000000000001;-2;0;-630;16723;1602;1074;0;0;0;606;122;0;0;1256,683;1214,0319999999999;0;34,759999999999998;35,695999999999998
2022-12-03 05:00:00;16484,757000000001;-1,7330000000000001;-2;0;-400;16888,490000000002;1601;1177;0;0;0;604;0;0;0;1362,1500000000001;1169,3040000000001;34,159999999999997;158,41999999999999;36,563000000000002
2022-12-03 06:00:00;16778,267;-1,7330000000000001;-2;0;-186;16968;1599;1164;0;0;0;602;0;0;0;1665,6690000000001;1106,6700000000001;501,541;272,541;34,899999999999999
2022-12-03 07:00:00;17061,400000000001;-1,6000000000000001;-2;0;-110;17175;1599;1182;0;0;0;604;83;0;0;1713,8389999999999;1093,6759999999999;1189,806;333,15199999999999;35,412999999999997
2022-12-03 08:00:00;17180,400000000001;-1,6000000000000001;-2;0;-31;17215;1599;1150;0;0;0;605;807;0;0;1879,6089999999999;915,88599999999997;1567,6410000000001;395,44799999999998;35,598999999999997
2022-12-03 09:00:00;17019,267;-1,7330000000000001;-2;0;-29;17052;1599;1153;0;0;0;604;951;0;0;2432,3290000000002;760,75999999999999;1759,2429999999999;404,03100000000001;35,576999999999998
2022-12-03 10:00:00;16770,400000000001;-1,6000000000000001;-2;0;-20;16794;1599;1164;0;0;0;606;1469;0;0;2070,6260000000002;675,39499999999998;1879,52;403,87599999999998;20,934000000000001
2022-12-03 11:00:00;16426,267;-1,7330000000000001;-2;0;-27;16457;1599;1079;300;0;171,85400000000001;606;1091;0;0;2470,9760000000001;703,952;1923,671;403,23399999999998;13,220000000000001
2022-12-04 05:00:00;14164;0;-2;0;-2279;16445;1597;1012;873;0;486,76100000000002;603;0;0;0;2044,018;535,13199999999995;37,994;172,73599999999999;31,263000000000002
2022-12-04 06:00:00;14778;0;-2;0;-1799;16579;1598;1038;836;0;484,202;604;0;0;0;2352,8299999999999;353,88600000000002;530,35000000000002;292,61900000000003;31,277999999999999
2022-12-04 07:00:00;15191;0;-2;0;-1534;16727;1598;1109;877;0;481,42399999999998;603;0;0;0;2725,4029999999998;316,08800000000002;1191,1400000000001;341,70299999999997;32,020000000000003
2022-12-04 08:00:00;15696,189999999999;0;-2;0;-1221;16919,189999999999;1598;1137;956;0;477,50200000000001;604;0;0;0;2813,2179999999998;358,55900000000003;1531,6880000000001;396,38999999999999;31,309999999999999
2022-12-04 09:00:00;15792;0;-2;0;-1071;16865;1598;1166;878;0;473,60599999999999;604;0;0;0;3027,9279999999999;311,65300000000002;1753,4949999999999;405,80799999999999;32,526000000000003
2022-12-04 10:00:00;15969;0;-2;0;-914;16885;1598;1174;710;0;471,76499999999999;604;0;0;0;2877,1419999999998;357,48500000000001;1905,511;404,95699999999999;32,805
2022-12-04 11:00:00;16004;0;-2;0;-637;16643;1597;1169;425;0;473,23099999999999;603;0;0;0;2891,1260000000002;494,68599999999998;1959,3150000000001;403,04000000000002;33,451999999999998
2022-12-04 12:00:00;15664;0;-2;0;-892;16558;1597;1132;388;0;473,75099999999998;602;0;0;0;3251,011;668,96100000000001;1875,49;400,82600000000002;32,600999999999999
2022-12-04 13:00:00;15261,667000000001;-1,333;-2;0;-1220;16485;1597;1108;134;0;416,85599999999999;601;0;0;0;3649,5369999999998;832,37400000000002;1817,058;394,66000000000003;33,674999999999997
2022-12-04 14:00:00;15508,400000000001;-1,6000000000000001;-2;0;-1009;16521;1597;1141;131;0;174,761;605;0;0;0;3218,0450000000001;960,78399999999999;1760,808;398,13200000000001;33,494
2022-12-04 15:00:00;15771,267;-1,7330000000000001;-2;0;-822;16597;1597;1094;56;0;2,4900000000000002;604;0;0;0;3316,2809999999999;1139,2360000000001;1553,3869999999999;389,20400000000001;32,134999999999998
2022-12-04 16:00:00;16330,400000000001;-1,6000000000000001;-2;0;-458;16792;1596;1135;0;0;0;603;0;0;0;3083,0529999999999;1367,797;1230,9269999999999;371,51100000000002;32,057000000000002
2022-12-04 17:00:00;16904,164000000001;-1,466;-2;0;-103;17010,630000000001;1596;1123;0;0;0;604;179;0;0;3262,2159999999999;1445,0440000000001;638,875;337,40300000000002;29,064
2022-12-04 18:00:00;16782,267;-1,7330000000000001;-2;0;-20;16806;1595;1298;0;0;0;605;1189;0;22,350000000000001;3272,386;1463,9110000000001;130,22200000000001;316,59500000000003;34,540999999999997
2022-12-04 19:00:00;16570,267;-1,7330000000000001;-2;0;-4;16578;1595;1361;0;0;0;605;2135;0;424,64999999999998;3526,5839999999998;1309,0440000000001;1,6759999999999999;314,88200000000001;34,069000000000003
2022-12-04 20:00:00;16442,400000000001;-1,6000000000000001;-2;0;-17;16463;1593;1341;0;0;0;603;1330;0;0;3376,3220000000001;1234,3910000000001;0;307,75900000000001;32,966999999999999
2022-12-04 21:00:00;16277,400000000001;-1,6000000000000001;-2;0;-221;16502;1593;1401;0;0;0;605;52;0;0;3155,8380000000002;1137,9159999999999;0;208,91900000000001;32,942
2022-12-04 00:00:00;13316;0;-2;0;-2717;16035;1598;1124;1246;0;484,28800000000001;609;0;0;0;2052,2240000000002;873,83100000000002;0;37,399999999999999;32,116999999999997
2022-12-04 01:00:00;13212,83;0;-2;0;-2728;15942,83;1597;1105;1134;0;484,63299999999998;605;0;0;0;2042,664;763,25099999999998;0;37,279000000000003;32,223999999999997
2022-12-04 02:00:00;13414;0;-2;0;-2423;15839;1597;1142;1002;0;483,57299999999998;608;0;0;0;1810,529;588,18399999999997;0;37,433;31,957000000000001
2022-12-04 03:00:00;13420;0;-2;0;-2408;15830;1597;1078;972;0;486,02100000000002;605;0;0;0;1880,924;603,755;0;37,485999999999997;31,806999999999999
2022-12-04 04:00:00;13660,92;0;-2;0;-2403;16065,92;1597;983;970;0;485,911;605;0;0;0;1969,4580000000001;632,53599999999994;0;37,482999999999997;31,271999999999998
2022-12-04 22:00:00;15542,120000000003;-1,6000000000000001;-2;0;-849;16394,720000000001;1592;1441;77;0;204,05500000000001;607;0;0;0;2288,6379999999999;1051,454;0;31,387;28,530999999999999
2022-12-04 23:00:00;14101,190000000001;-1,6000000000000001;-2;0;-1858;15962,790000000001;1591;1377;380;0;471,49200000000002;603;0;0;0;2282,297;949,21299999999997;0;31,718;28,395
2022-12-05 00:00:00;13375,267;-1,7330000000000001;-2;0;-2583;15962;1592;1389;803;0;475,84800000000001;604;0;0;0;1509,9090000000001;1286,8389999999999;0;31,673999999999999;29,530999999999999
2022-12-05 01:00:00;13342,267;-1,7330000000000001;-2;0;-2740;16086;1591;1325;752;0;478,90800000000002;603;0;0;0;1537,6489999999999;1177,8599999999999;0;31,658000000000001;31,567
2022-12-05 02:00:00;13400,734;-2,266;-2;0;-2716;16121;1591;1361;517;0;479,07100000000003;604;0;0;0;1506,268;1111,373;0;31,637;32,494
2022-12-05 03:00:00;13722,267;-1,7330000000000001;-2;0;-2691;16417;1591;1389;240;0;477,721;604;0;0;0;1665,028;1146,828;0;31,673999999999999;32,703000000000003
2022-12-05 04:00:00;15111,246999999999;-1,7330000000000001;-2;0;-1228;16342,98;1590;1367;271;0;97,861000000000004;606;0;0;0;1847,729;1150,7280000000001;0;34,225999999999999;31,213000000000001
2022-12-05 05:00:00;16430,400000000001;-1,6000000000000001;-2;0;-128;16562;1590;1384;269;0;0;606;339;0;0;1924,9300000000001;1151,8599999999999;18,486000000000001;97,626000000000005;31,728000000000002
2022-12-05 06:00:00;16679,636999999999;-1,7330000000000001;-2;0;-21;16704,369999999999;1589;1466;265;0;0;605;1260;0;0;1792,5550000000001;954,93600000000004;324,74000000000001;115,331;31,388000000000002
2022-12-05 07:00:00;16696,267;-1,7330000000000001;-2;0;-22;16722;1589;1424;262;0;0;605;1434;0;0;1828,6220000000001;884,84000000000003;966,91899999999998;288,57799999999997;32,770000000000003
2022-12-05 08:00:00;16675,400000000001;-1,6000000000000001;-2;0;-12;16691;1588;1376;231;0;179,56200000000001;604;1761;0;0;1994,566;928,96500000000003;1455,934;435,15600000000001;31,742000000000001
2022-12-05 09:00:00;16480,267;-1,7330000000000001;-2;0;-10;16494;1588;1363;262;0;467,76999999999998;603;1707;0;0;2003,9490000000001;895,471;1682,6120000000001;489,303;35,578000000000003
2022-12-05 10:00:00;16147,4;-1,6000000000000001;-2;0;-16;16167;1597;1360;386;0;466,53199999999998;602;1657;0;0;2401,7959999999998;887,08100000000002;1865,5820000000001;491,23599999999999;34,343000000000004
2022-12-05 11:00:00;16251,267;-1,7330000000000001;-2;0;-29;16284;1593;1343;813;0;470,05500000000001;603;996;0;0;2637,9340000000002;935,57899999999995;1937,799;492,99900000000002;19,201000000000001
2022-12-05 12:00:00;16447,400000000001;-1,6000000000000001;-2;0;-36;16487;1588;1351;787;0;470,18599999999998;604;822;0;0;2468,502;1035,049;1916,8889999999999;492,26499999999999;14,382
2022-12-05 13:00:00;16400,717000000001;-1,7330000000000001;-2;0;-34;16438,450000000001;1589;1249;826;0;469,76900000000001;603;781;5;0;2544,4259999999999;1098,644;1903,635;493,96699999999998;15,891999999999999
2022-12-05 14:00:00;16593,400000000001;-1,6000000000000001;-2;0;-27;16624;1588;1279;815;0;469,66699999999997;603;971;5;0;2398,3299999999999;1050,79;1856,2059999999999;485,78399999999999;33,658000000000001
2022-12-05 15:00:00;17058,267;-1,7330000000000001;-2;0;-37;17099;1588;1329;781;0;466,11399999999998;602;617;5;0;2674,9209999999998;1111,174;1679,2439999999999;478,28899999999999;35,470999999999997
2022-12-05 16:00:00;17268,400000000001;-1,6000000000000001;-2;0;-37;17309;1588;1355;560;0;464,40499999999997;604;700;5;0;2708,3000000000002;1261,3040000000001;1343,2750000000001;433,93099999999998;17,459
2022-12-05 17:00:00;17730,400000000001;-1,6000000000000001;-2;0;-25;17759;1588;1424;786;0;466,93400000000003;604;1209;8,3000000000000004E-2;0;1735,8920000000001;1287,3699999999999;815,57899999999995;443,31400000000002;16,835000000000001
2022-12-05 18:00:00;18314,947;-1,7330000000000001;-2;0;-38;18356,68;1587;1368;785;0;477,67700000000002;598;526;344;0;2005,04;1460,6800000000001;258,36200000000002;405,97000000000003;16,942
2022-12-05 19:00:00;18473,400000000001;-1,6000000000000001;-2;0;-37;18514;1587;1334;824;0;482,03699999999998;604;621;344;0;2760,5540000000001;1559,9400000000001;3,9649999999999999;398,73099999999999;16,936
2022-12-05 20:00:00;18031,267;-1,7330000000000001;-2;0;-405;18440;1587;1364;786;0;486,06599999999997;602;8;3,5;350,14999999999998;2705,8800000000001;1652,942;0;384,48700000000002;15,231999999999999
2022-12-05 21:00:00;16541,400000000001;-1,6000000000000001;-2;0;-1696;18241;1587;1440;758;0;487,84300000000002;603;0;0;96,849999999999994;2331,0599999999999;1563,8430000000001;0;369,96899999999999;13,923
2022-12-05 22:00:00;15401,400000000001;-1,6000000000000001;-2;0;-2491;17896;1587;1415;818;0;486,69299999999998;607;0;0;0;2064,8159999999998;1324,1579999999999;0;106,70999999999999;14,442
2022-12-05 23:00:00;14745,267;-1,7330000000000001;-2;0;-2069;16818;1587;1393;682;0;485,03399999999999;605;0;0;0;1995,634;1163,693;0;60,07;15,449
